{
	"format_version": "1.12.0",
	"minecraft:geometry": [
		{
			"description": {
				"identifier": "geometry.unknown",
				"texture_width": 32,
				"texture_height": 32,
				"visible_bounds_width": 4,
				"visible_bounds_height": 2.5,
				"visible_bounds_offset": [0, 0.75, 0]
			},
			"bones": [
				{
					"name": "positioning",
					"pivot": [0, 0, 0]
				},
				{
					"name": "thirdperson_hand",
					"parent": "positioning",
					"pivot": [0, 4.75, 0]
				},
				{
					"name": "fixed",
					"parent": "positioning",
					"pivot": [0.6, 4.575, -0.625],
					"rotation": [0, 90, 0]
				},
				{
					"name": "gournd",
					"parent": "positioning",
					"pivot": [0, -2, -1.175]
				},
				{
					"name": "lod",
					"pivot": [0, 0, 0],
					"cubes": [
						{
							"origin": [-0.75, 5, -11],
							"size": [1.5, 2, 14.5],
							"uv": {
								"north": {"uv": [13, 6], "uv_size": [1.5, 2]},
								"east": {"uv": [0, 0], "uv_size": [14.5, 2]},
								"south": {"uv": [13, 8], "uv_size": [1.5, 2]},
								"west": {"uv": [0, 2], "uv_size": [14.5, 2]},
								"up": {"uv": [0, 4], "uv_size": [1.5, 14.5]},
								"down": {"uv": [2, 18.5], "uv_size": [1.5, -14.5]}
							}
						}
					]
				},
				{
					"name": "positioning2",
					"parent": "lod",
					"pivot": [0, 0, 0]
				},
				{
					"name": "shell",
					"parent": "positioning2",
					"pivot": [-0.1, 6.275, -1.3]
				},
				{
					"name": "muzzle_flash",
					"parent": "positioning2",
					"pivot": [0, 6.125, -12.25]
				},
				{
					"name": "muzzle_pos",
					"parent": "positioning2",
					"pivot": [0, 6.125, -11.25]
				},
				{
					"name": "lod_illuminated",
					"parent": "lod",
					"pivot": [0.001, 4.99374, 0.23901]
				},
				{
					"name": "lod_main",
					"parent": "lod",
					"pivot": [-0.25, 4.99374, 0.23901],
					"cubes": [
						{
							"origin": [-0.624, -1.00626, -2.76099],
							"size": [1.248, 2, 5.5],
							"pivot": [-0.376, -0.00626, 3.23901],
							"rotation": [-67.5, 0, 0],
							"uv": {
								"east": {"uv": [4, 8], "uv_size": [5.5, 2]},
								"south": {"uv": [13, 10], "uv_size": [1.25, 2]},
								"west": {"uv": [4, 10], "uv_size": [5.5, 2]},
								"up": {"uv": [11, 8], "uv_size": [1.25, 5.5]},
								"down": {"uv": [4, 17.5], "uv_size": [1.25, -5.5]}
							}
						},
						{
							"origin": [-0.5, -1.5, 1.75],
							"size": [1, 1, 1.75],
							"pivot": [-7, 1, 0],
							"rotation": [22.5, 0, 0],
							"uv": {
								"north": {"uv": [13, 14], "uv_size": [1, 1]},
								"east": {"uv": [6, 14], "uv_size": [1.75, 1]},
								"south": {"uv": [14, 14], "uv_size": [1, 1]},
								"west": {"uv": [8, 14], "uv_size": [1.75, 1]},
								"down": {"uv": [9, 13.75], "uv_size": [1, -1.75]}
							}
						},
						{
							"origin": [-0.375, 5.75, -11.25],
							"size": [0.75, 0.75, 0.25],
							"pivot": [0, 6.125, -10.5],
							"rotation": [0, 0, 45],
							"uv": {
								"north": {"uv": [15, 0], "uv_size": [1, 1]},
								"east": {"uv": [15, 1], "uv_size": [0.25, 0.75]},
								"west": {"uv": [15, 2], "uv_size": [0.25, 0.75]},
								"up": {"uv": [15, 3], "uv_size": [0.75, 0.25]},
								"down": {"uv": [6, 15.25], "uv_size": [0.75, -0.25]}
							}
						},
						{
							"origin": [0, 3.25, -2],
							"size": [0, 1.75, 3],
							"uv": {
								"east": {"uv": [6, 12], "uv_size": [3, 1.75]},
								"west": {"uv": [13, 4], "uv_size": [3, 1.75]}
							}
						}
					]
				}
			]
		}
	]
}