{
	"format_version": "1.8.0",
	"animations": {
		"static_idle": {
			"loop": true,
			"bones": {
				"constraint": {
					"rotation": [0.15, 0.15, 0.15],
					"position": [0.15, 0.15, 0.3]
				},
				"left": {
					"rotation": [80.60313, -30.00822, -117.85065],
					"position": [7.3, -5, 0],
					"scale": [1, 1.5, 1]
				},
				"right": {
					"rotation": [101.10439, 22.34307, -170.98972],
					"position": [-6.8, -6.6, 6],
					"scale": [1, 1.5, 1]
				}
			}
		},
		"static_bolt_caught": {
			"loop": true,
			"bones": {
				"left": {
					"rotation": [80.60313, -30.00822, -117.85065],
					"position": [7.3, -5, 0],
					"scale": [1, 1.5, 1]
				},
				"right": {
					"rotation": [101.10439, 22.34307, -170.98972],
					"position": [-6.8, -6.6, 6],
					"scale": [1, 1.5, 1]
				},
				"bolt": {
					"position": [0, 0, 3]
				}
			}
		},
		"draw": {
			"animation_length": 0.7917,
			"bones": {
				"root": {
					"rotation": {
						"0.0": {
							"post": [11.36732, -48.57266, 51.85791],
							"lerp_mode": "catmullrom"
						},
						"0.0833": {
							"post": [9.64, -41.71, 41.43],
							"lerp_mode": "catmullrom"
						},
						"0.25": {
							"post": [6.3749, -27.45535, 22.4657],
							"lerp_mode": "catmullrom"
						},
						"0.3333": {
							"post": [3.32153, -5.07483, 9.38967],
							"lerp_mode": "catmullrom"
						},
						"0.5417": {
							"post": [0, 0, 1.9],
							"lerp_mode": "catmullrom"
						},
						"0.5833": {
							"post": [-0.26538, 0.36252, -2.59556],
							"lerp_mode": "catmullrom"
						},
						"0.6667": {
							"post": [-0.14569, 0.20649, 0.79625],
							"lerp_mode": "catmullrom"
						},
						"0.75": {
							"post": [0, 0, 0],
							"lerp_mode": "catmullrom"
						}
					},
					"position": {
						"0.0": {
							"post": [8.8, -17.2, 1.7],
							"lerp_mode": "catmullrom"
						},
						"0.2083": {
							"post": [5.19, -9.44, -0.98],
							"lerp_mode": "catmullrom"
						},
						"0.3333": {
							"post": [1.4, -1.5, -4],
							"lerp_mode": "catmullrom"
						},
						"0.5": {
							"post": [0, 0, -0.1],
							"lerp_mode": "catmullrom"
						},
						"0.5833": {
							"post": [0, 0, 0.5],
							"lerp_mode": "catmullrom"
						},
						"0.7083": {
							"post": [0, 0, -0.1],
							"lerp_mode": "catmullrom"
						},
						"0.7917": {
							"post": [0, 0, 0],
							"lerp_mode": "catmullrom"
						}
					}
				},
				"left": {
					"rotation": [80.60313, -30.00822, -117.85065],
					"position": [7.3, -5, 0],
					"scale": [1, 1.5, 1]
				},
				"right": {
					"rotation": [101.10439, 22.34307, -170.98972],
					"position": [-6.8, -6.6, 6],
					"scale": [1, 1.5, 1]
				},
				"camera": {
					"rotation": {
						"0.0": {
							"post": [0, 0, 0],
							"lerp_mode": "catmullrom"
						},
						"0.1667": {
							"post": [0.13, -0.1, 0.025],
							"lerp_mode": "catmullrom"
						},
						"0.3333": {
							"post": [1, -0.325, -0.425],
							"lerp_mode": "catmullrom"
						},
						"0.5": {
							"post": [-0.1, -0.2, -0.3],
							"lerp_mode": "catmullrom"
						},
						"0.5417": {
							"post": [0.25, 0.075, 0.4],
							"lerp_mode": "catmullrom"
						},
						"0.6667": {
							"post": [-0.025, -0.025, -0.25],
							"lerp_mode": "catmullrom"
						},
						"0.75": {
							"post": [0, 0, 0],
							"lerp_mode": "catmullrom"
						},
						"0.7917": {
							"post": [0, 0, 0],
							"lerp_mode": "catmullrom"
						}
					}
				}
			}
		},
		"shoot": {
			"loop": "hold_on_last_frame",
			"animation_length": 0.75,
			"bones": {
				"bolt": {
					"position": {
						"0.0": [0, 0, 0],
						"0.0417": [0, 0, 4],
						"0.0833": [0, 0, 0]
					}
				},
				"root": {
					"rotation": {
						"0.0": {
							"post": [1.43203, 0, -1.63828],
							"lerp_mode": "catmullrom"
						},
						"0.0417": {
							"post": [-1.99297, 0, 1.55703],
							"lerp_mode": "catmullrom"
						},
						"0.0833": {
							"post": [-2.28203, 0, -0.76719],
							"lerp_mode": "catmullrom"
						},
						"0.1667": {
							"post": [-2.17265, 0, 0.825],
							"lerp_mode": "catmullrom"
						},
						"0.2917": {
							"post": [-0.09766, 0, 0.50938],
							"lerp_mode": "catmullrom"
						},
						"0.375": {
							"post": [0.2275, 0.05859, 0.10891],
							"lerp_mode": "catmullrom"
						},
						"0.4167": {
							"post": [-0.11328, 0.11328, 0],
							"lerp_mode": "catmullrom"
						},
						"0.5417": {
							"post": [-0.0625, -0.05859, 0],
							"lerp_mode": "catmullrom"
						},
						"0.6667": {
							"post": [0, 0, 0],
							"lerp_mode": "catmullrom"
						}
					},
					"position": {
						"0.0": {
							"post": [0, -0.22656, 1.95156],
							"lerp_mode": "catmullrom"
						},
						"0.0833": {
							"post": [0, -0.28516, 1.58844],
							"lerp_mode": "catmullrom"
						},
						"0.1667": {
							"post": [0, -0.28516, 0.08828],
							"lerp_mode": "catmullrom"
						},
						"0.2083": {
							"post": [0, 0, -0.40391],
							"lerp_mode": "catmullrom"
						},
						"0.25": {
							"post": [0, 0, -0.36719],
							"lerp_mode": "catmullrom"
						},
						"0.3333": {
							"post": [0, 0, 0.05469],
							"lerp_mode": "catmullrom"
						},
						"0.375": {
							"post": [0, 0, 0.19922],
							"lerp_mode": "catmullrom"
						},
						"0.4167": {
							"post": [0, -0.10547, 0],
							"lerp_mode": "catmullrom"
						},
						"0.5": {
							"post": [0, -0.10547, -0.08031],
							"lerp_mode": "catmullrom"
						},
						"0.5833": {
							"post": [0, -0.03516, -0.07031],
							"lerp_mode": "catmullrom"
						},
						"0.75": {
							"post": [0, 0, 0],
							"lerp_mode": "catmullrom"
						}
					}
				},
				"camera": {
					"rotation": {
						"0.0": [0, 0, 1.55],
						"0.0417": [0, 0, -1.275],
						"0.0833": [0, 0, 0.995],
						"0.125": [0, 0, -0.58],
						"0.1667": [0, 0, 0]
					}
				}
			}
		},
		"put_away": {
			"animation_length": 0.5833,
			"bones": {
				"root": {
					"rotation": {
						"0.0": {
							"post": [0, 0, 0],
							"lerp_mode": "catmullrom"
						},
						"0.0417": {
							"post": [-0.51171, -3.6801, -4.19401],
							"lerp_mode": "catmullrom"
						},
						"0.2083": {
							"post": [4.36882, -11.73179, -10.29382],
							"lerp_mode": "catmullrom"
						},
						"0.3333": {
							"post": [11.60471, -21.56305, -3.66288],
							"lerp_mode": "catmullrom"
						},
						"0.4583": {
							"post": [16.97, -33.62, 3.38],
							"lerp_mode": "catmullrom"
						},
						"0.5833": {
							"post": [34.73, -44.04, -3.09],
							"lerp_mode": "catmullrom"
						}
					},
					"position": {
						"0.0": {
							"post": [0, 0, 0],
							"lerp_mode": "catmullrom"
						},
						"0.0417": {
							"post": [0, -0.49, -0.02],
							"lerp_mode": "catmullrom"
						},
						"0.2083": {
							"post": [-0.52, -1.47, -0.56],
							"lerp_mode": "catmullrom"
						},
						"0.3333": {
							"post": [-0.36, -2.92, -0.84],
							"lerp_mode": "catmullrom"
						},
						"0.4583": {
							"post": [0.13, -5.86, -0.16],
							"lerp_mode": "catmullrom"
						},
						"0.5833": {
							"post": [1.72, -9.68, 0.16],
							"lerp_mode": "catmullrom"
						}
					}
				},
				"left": {
					"rotation": [80.60313, -30.00822, -117.85065],
					"position": [7.3, -5, 0],
					"scale": [1, 1.5, 1]
				},
				"right": {
					"rotation": [101.10439, 22.34307, -170.98972],
					"position": [-6.8, -6.6, 6],
					"scale": [1, 1.5, 1]
				},
				"camera": {
					"rotation": {
						"0.0": {
							"post": [0, 0, 0],
							"lerp_mode": "catmullrom"
						},
						"0.2083": {
							"post": [0.35, 0.025, -0.225],
							"lerp_mode": "catmullrom"
						},
						"0.4167": {
							"post": [0.1, 0.025, 0.075],
							"lerp_mode": "catmullrom"
						},
						"0.5833": {
							"post": [0, 0, 0],
							"lerp_mode": "catmullrom"
						}
					}
				}
			}
		},
		"reload_tactical": {
			"animation_length": 2.4583,
			"bones": {
				"left": {
					"rotation": {
						"0.0": [80.60313, -30.00822, -117.85065],
						"0.4167": [103.89456, -17.05072, -188.01198],
						"0.5417": [103.89456, -17.05072, -188.01198],
						"0.6667": [111.56356, -17.02238, -186.90713],
						"0.7917": [107.82071, 21.89403, -247.98676],
						"1.0": [107.82071, 21.89403, -247.98676],
						"1.0417": [138.78756, 3.13929, -204.68393],
						"1.4583": [138.84834, -1.37822, -200.73377],
						"1.5417": [138.85691, 0.88106, -202.70765],
						"1.7083": [146.85184, 1.13368, -202.37414],
						"1.75": [118.90937, 6.15499, -189.01806],
						"1.8333": [126.90937, 6.15499, -189.01806],
						"2.1667": [73.60313, -30.00822, -117.85065],
						"2.25": [80.60313, -30.00822, -117.85065]
					},
					"position": {
						"0.0": [7.3, -5, 0],
						"0.0833": [9.04513, -6.53382, 2.47837],
						"0.2083": [9.20256, -7.52647, 6.37219],
						"0.4167": [5.8, -8, 12.3],
						"0.5417": [5.8, -8, 12.3],
						"0.6667": [6.1, -8.8, 11.9],
						"0.7917": [10.16696, -23.43591, 5.67921],
						"1.0": [10.47043, -30.93129, 5.66098],
						"1.0417": [10.55753, -31.81524, 4.61182],
						"1.4583": [7.6632, -8.26751, 9.4694],
						"1.5": [7.56, -8.27, 9.545],
						"1.5417": [7.36, -7.895, 9.695],
						"1.7083": [7.26, -7.895, 9.695],
						"1.75": [6.53126, -7.95899, 10.42064],
						"1.8333": [6.53126, -7.95899, 10.42064],
						"2.0": [9.75549, -7.30955, 5.51955],
						"2.1667": [7.3, -5, 0]
					},
					"scale": [1, 1.5, 1]
				},
				"right": {
					"rotation": [101.10439, 22.34307, -170.98972],
					"position": [-6.8, -6.6, 6],
					"scale": [1, 1.5, 1]
				},
				"root": {
					"rotation": {
						"0.0": {
							"post": [0, 0, 0],
							"lerp_mode": "catmullrom"
						},
						"0.0833": {
							"post": [0.17924, -4.06363, -6.38616],
							"lerp_mode": "catmullrom"
						},
						"0.25": {
							"post": [2.65411, -8.6901, -20.17243],
							"lerp_mode": "catmullrom"
						},
						"0.4167": {
							"post": [2.92, -9.73, -25.445],
							"lerp_mode": "catmullrom"
						},
						"0.5833": {
							"post": [2.95411, -9.1651, -25.12243],
							"lerp_mode": "catmullrom"
						},
						"0.6667": {
							"post": [1.35679, -9.26454, -27.57483],
							"lerp_mode": "catmullrom"
						},
						"0.7083": {
							"post": [2.49981, -9.77956, -23.52834],
							"lerp_mode": "catmullrom"
						},
						"0.75": {
							"post": [1.65385, -10.06173, -23.8335],
							"lerp_mode": "catmullrom"
						},
						"0.9167": {
							"post": [-0.02, -9.67, -23.5],
							"lerp_mode": "catmullrom"
						},
						"1.0417": {
							"post": [0.2, -8.98, -24.6],
							"lerp_mode": "catmullrom"
						},
						"1.1667": {
							"post": [2.04969, -8.95033, -27.68445],
							"lerp_mode": "catmullrom"
						},
						"1.2917": {
							"post": [5.25833, -10.0919, -32.21577],
							"lerp_mode": "catmullrom"
						},
						"1.4167": {
							"post": [6.01, -10.13, -35.815],
							"lerp_mode": "catmullrom"
						},
						"1.5417": {
							"post": [5.25, -9.95, -34.07],
							"lerp_mode": "catmullrom"
						},
						"1.7083": {
							"post": [5.00833, -10.0919, -34.29077],
							"lerp_mode": "catmullrom"
						},
						"1.75": {
							"post": [4.06104, -11.32554, -29.10398],
							"lerp_mode": "catmullrom"
						},
						"1.7917": {
							"post": [2.9574, -12.16, -32.79762],
							"lerp_mode": "catmullrom"
						},
						"1.8333": {
							"post": [3.28147, -11.91048, -30.50643],
							"lerp_mode": "catmullrom"
						},
						"2.0417": {
							"post": [-4.41252, -8.3824, -1.6959],
							"lerp_mode": "catmullrom"
						},
						"2.1667": {
							"post": [0.13008, -2.40043, 4.00412],
							"lerp_mode": "catmullrom"
						},
						"2.25": {
							"post": [1.05, 0, 2],
							"lerp_mode": "catmullrom"
						},
						"2.2917": {
							"post": [0.21539, 0.13445, -1.20025],
							"lerp_mode": "catmullrom"
						},
						"2.3333": {
							"post": [0.075, 0, 0.725],
							"lerp_mode": "catmullrom"
						},
						"2.4583": {
							"post": [0, 0, 0],
							"lerp_mode": "catmullrom"
						}
					},
					"position": {
						"0.0": {
							"post": [0, 0, 0],
							"lerp_mode": "catmullrom"
						},
						"0.0833": {
							"post": [0.795, -0.03, -1.3],
							"lerp_mode": "catmullrom"
						},
						"0.25": {
							"post": [0.775, 1.625, -3.725],
							"lerp_mode": "catmullrom"
						},
						"0.3333": {
							"post": [1.16346, 2.13471, -4.185],
							"lerp_mode": "catmullrom"
						},
						"0.5833": {
							"post": [1.31743, 2.00076, -4.375],
							"lerp_mode": "catmullrom"
						},
						"0.6667": {
							"post": [1.53615, 1.62114, -4.375],
							"lerp_mode": "catmullrom"
						},
						"0.75": {
							"post": [1.59243, 1.10076, -4.175],
							"lerp_mode": "catmullrom"
						},
						"0.9167": {
							"post": [1.06743, 1.49076, -4.1],
							"lerp_mode": "catmullrom"
						},
						"1.0833": {
							"post": [0.8, 1.7, -4.075],
							"lerp_mode": "catmullrom"
						},
						"1.25": {
							"post": [0.845, 1.98, -3.9],
							"lerp_mode": "catmullrom"
						},
						"1.3333": {
							"post": [1.125, 2.155, -3.9],
							"lerp_mode": "catmullrom"
						},
						"1.5417": {
							"post": [1.335, 2.33, -3.9],
							"lerp_mode": "catmullrom"
						},
						"1.7083": {
							"post": [1.375, 2.23, -3.9],
							"lerp_mode": "catmullrom"
						},
						"1.75": {
							"post": [1.56986, 1.67152, -3.9],
							"lerp_mode": "catmullrom"
						},
						"1.7917": {
							"post": [1.22729, 1.83228, -4.05],
							"lerp_mode": "catmullrom"
						},
						"1.9583": {
							"post": [1.31216, 0.40881, -4.2],
							"lerp_mode": "catmullrom"
						},
						"2.0833": {
							"post": [0.19, 0.035, -2.17],
							"lerp_mode": "catmullrom"
						},
						"2.2083": {
							"post": [0.145, 0.06, 0.125],
							"lerp_mode": "catmullrom"
						},
						"2.2917": {
							"post": [-0.05, -0.075, -0.15],
							"lerp_mode": "catmullrom"
						},
						"2.4167": {
							"post": [0, -0.05, 0.05],
							"lerp_mode": "catmullrom"
						},
						"2.4583": {
							"post": [0, 0, 0],
							"lerp_mode": "catmullrom"
						}
					}
				},
				"mag": {
					"rotation": {
						"0.5417": [0, 0, 0],
						"0.625": [-12.94632, -1.04004, -5.9095],
						"0.7917": [-9.07496, -27.56145, -65.38508],
						"1.0": [-9.07496, -27.56145, -65.38508],
						"1.0417": [-12.42, -9.33, -24.5],
						"1.4583": [-13.94632, -1.04004, -5.9095],
						"1.5417": [-14.90292, -1.52138, -7.85121],
						"1.5833": [-14.57, -1.52, -7.85],
						"1.625": [-14.57, -1.52, -7.85],
						"1.7083": [-13.90292, -1.52138, -7.85121],
						"1.75": [0, 0, 0]
					},
					"position": {
						"0.5417": [0, 0, 0],
						"0.625": [0, -0.8, -0.8],
						"0.7917": [4.3, -8.6, -3.2],
						"1.0": [4.3, -16.2, -3.2],
						"1.0417": [4.3, -16.2, -3.2],
						"1.4583": [0, -1.4, -1.2],
						"1.5": [0, -1.355, -1.06],
						"1.5417": [0, -0.96018, -0.99935],
						"1.5833": [0, -0.93, -0.98],
						"1.625": [0, -0.93, -0.98],
						"1.7083": [0, -0.8711, -0.92924],
						"1.75": [0, 0, 0]
					}
				},
				"camera": {
					"rotation": {
						"0.0": {
							"post": [0, 0, 0],
							"lerp_mode": "catmullrom"
						},
						"0.1667": {
							"post": [0.05, 0.125, -0.25],
							"lerp_mode": "catmullrom"
						},
						"0.3333": {
							"post": [1.875, 0.9, -1.375],
							"lerp_mode": "catmullrom"
						},
						"0.5": {
							"post": [1.825, 1.25, -1.375],
							"lerp_mode": "catmullrom"
						},
						"0.5833": {
							"post": [1.62, 1.325, -1.775],
							"lerp_mode": "catmullrom"
						},
						"0.6667": {
							"post": [0.545, 0.7, -0.675],
							"lerp_mode": "catmullrom"
						},
						"0.75": {
							"post": [1.265, 1.2, -2.025],
							"lerp_mode": "catmullrom"
						},
						"0.9167": {
							"post": [0.87, 0.725, -1.8],
							"lerp_mode": "catmullrom"
						},
						"1.0417": {
							"post": [1.28, 0.8, -2.35],
							"lerp_mode": "catmullrom"
						},
						"1.25": {
							"post": [1.225, 0.9, -2.25],
							"lerp_mode": "catmullrom"
						},
						"1.4583": {
							"post": [1.005, 0.85, -2.025],
							"lerp_mode": "catmullrom"
						},
						"1.7083": {
							"post": [1.595, 1.325, -1.775],
							"lerp_mode": "catmullrom"
						},
						"1.75": {
							"post": [2.85, 0.975, -0.425],
							"lerp_mode": "catmullrom"
						},
						"1.8333": {
							"post": [1.875, 0.725, -1.375],
							"lerp_mode": "catmullrom"
						},
						"1.9583": {
							"post": [1.745, -0.225, -1.075],
							"lerp_mode": "catmullrom"
						},
						"2.1667": {
							"post": [0.02, 0.25, -0.16],
							"lerp_mode": "catmullrom"
						},
						"2.2083": {
							"post": [-0.25, 0.325, 0.875],
							"lerp_mode": "catmullrom"
						},
						"2.25": {
							"post": [0.275, -0.125, -0.45],
							"lerp_mode": "catmullrom"
						},
						"2.3333": {
							"post": [0, 0, -0.1],
							"lerp_mode": "catmullrom"
						},
						"2.4583": {
							"post": [0, 0, 0],
							"lerp_mode": "catmullrom"
						}
					}
				}
			}
		},
		"reload_empty": {
			"animation_length": 2.9583,
			"bones": {
				"left": {
					"rotation": {
						"0.0": {
							"post": [80.60313, -30.00822, -117.85065],
							"lerp_mode": "catmullrom"
						},
						"0.2917": [102.00518, -12.09701, -203.83047],
						"0.4583": [102.00518, -12.09701, -203.83047],
						"0.5": {
							"pre": [110.93067, -6.71335, -203.90882],
							"post": [110.93067, -6.71335, -203.90882],
							"lerp_mode": "catmullrom"
						},
						"0.5417": {
							"post": [110.26716, -4.69974, -207.40148],
							"lerp_mode": "catmullrom"
						},
						"0.5833": {
							"post": [114.66585, -2.24943, -213.9712],
							"lerp_mode": "catmullrom"
						},
						"0.6667": {
							"post": [88.91805, 1.05192, -237.74767],
							"lerp_mode": "catmullrom"
						},
						"1.0833": {
							"post": [88.91805, 1.05192, -237.74767],
							"lerp_mode": "catmullrom"
						},
						"1.25": {
							"post": [98.5394, 1.43411, -209.74587],
							"lerp_mode": "catmullrom"
						},
						"1.3333": {
							"post": [133.77638, 6.72844, -195.28701],
							"lerp_mode": "catmullrom"
						},
						"1.5": {
							"post": [140.77638, 6.72844, -195.28701],
							"lerp_mode": "catmullrom"
						},
						"1.5417": {
							"post": [142.41931, 6.3287, -194.07708],
							"lerp_mode": "catmullrom"
						},
						"1.5833": {
							"post": [142.68571, 8.48139, -195.05089],
							"lerp_mode": "catmullrom"
						},
						"1.6667": {
							"post": [140.67985, 7.69773, -196.08752],
							"lerp_mode": "catmullrom"
						},
						"1.7083": [118.78, 6.73, -195.29],
						"1.8333": [118.78, 6.73, -195.29],
						"2.1667": [115.2576, -35.75769, -202.96775],
						"2.25": [115.2576, -35.75769, -202.96775],
						"2.2917": [117.78214, -42.02421, -206.98173],
						"2.3333": {
							"pre": [126.94888, -15.88259, -227.54653],
							"post": [126.94888, -15.88259, -227.54653],
							"lerp_mode": "catmullrom"
						},
						"2.5": {
							"post": [95.06837, -36.10143, -174.8647],
							"lerp_mode": "catmullrom"
						},
						"2.6667": {
							"post": [73.60313, -30.00822, -117.85065],
							"lerp_mode": "catmullrom"
						},
						"2.75": {
							"post": [75.85313, -30.00822, -117.85065],
							"lerp_mode": "catmullrom"
						},
						"2.9167": {
							"post": [80.60313, -30.00822, -117.85065],
							"lerp_mode": "catmullrom"
						}
					},
					"position": {
						"0.0": {
							"post": [7.3, -5, 0],
							"lerp_mode": "catmullrom"
						},
						"0.0833": {
							"post": [8.19, -6.76, 3.31],
							"lerp_mode": "catmullrom"
						},
						"0.2083": {
							"post": [8.79, -8.47, 7.31],
							"lerp_mode": "catmullrom"
						},
						"0.2917": [6.4, -8.1, 12.8],
						"0.4583": [6.4, -8.1, 12.8],
						"0.5": {
							"pre": [6.51872, -12.98738, 12.08627],
							"post": [6.51872, -12.98738, 12.08627],
							"lerp_mode": "catmullrom"
						},
						"0.5417": {
							"post": [7.24051, -16.35963, 9.17013],
							"lerp_mode": "catmullrom"
						},
						"0.5833": {
							"post": [9.28653, -21.35332, 8.88773],
							"lerp_mode": "catmullrom"
						},
						"0.6667": {
							"post": [11.26334, -28.08204, 7.55503],
							"lerp_mode": "catmullrom"
						},
						"0.7917": {
							"post": [11.93, -38.9, 7.91],
							"lerp_mode": "catmullrom"
						},
						"1.0833": {
							"post": [13.18319, -46.47463, 9.25647],
							"lerp_mode": "catmullrom"
						},
						"1.25": {
							"post": [12.42973, -35.5938, 8.75681],
							"lerp_mode": "catmullrom"
						},
						"1.4167": [8.19, -15.85, 9.1625],
						"1.4583": [6.98, -8.01, 11.38],
						"1.6667": {
							"pre": [6.98, -8.01, 11.38],
							"post": [6.98, -8.01, 11.38],
							"lerp_mode": "catmullrom"
						},
						"1.7083": [6.98, -9.31, 13.68],
						"1.8333": [6.98, -9.31, 12.68],
						"2.0": {
							"pre": [10.54, -14.2, 4.25],
							"post": [10.54, -14.2, 4.25],
							"lerp_mode": "catmullrom"
						},
						"2.1667": [8.28, -1.41, 0.98],
						"2.25": [8.28, -1.41, 0.98],
						"2.2917": [8.28, -1.41, 2.98],
						"2.3333": {
							"pre": [10.18, -2.31, 3.4925],
							"post": [10.18, -2.31, 3.4925],
							"lerp_mode": "catmullrom"
						},
						"2.5": {
							"post": [10.29226, -12.65903, 3.20329],
							"lerp_mode": "catmullrom"
						},
						"2.6667": {
							"post": [7.3, -5, 0],
							"lerp_mode": "catmullrom"
						}
					},
					"scale": [1, 1.5, 1]
				},
				"right": {
					"rotation": [101.10439, 22.34307, -170.98972],
					"position": [-6.8, -6.6, 6],
					"scale": [1, 1.5, 1]
				},
				"bolt": {
					"position": {
						"0.0": [0, 0, 3],
						"2.25": [0, 0, 3],
						"2.2917": [0, 0, 4],
						"2.3333": [0, 0, 0],
						"2.375": [0, 0, 1],
						"2.4167": [0, 0, 0]
					}
				},
				"root": {
					"rotation": {
						"0.0": {
							"post": [0, 0, 0],
							"lerp_mode": "catmullrom"
						},
						"0.0833": {
							"post": [-9.54, -1.43, -4.09],
							"lerp_mode": "catmullrom"
						},
						"0.2083": {
							"post": [-19.23391, -3.95996, -20.40141],
							"lerp_mode": "catmullrom"
						},
						"0.2917": {
							"post": [-20.52179, -8.78045, -28.58999],
							"lerp_mode": "catmullrom"
						},
						"0.4583": {
							"post": [-20.52179, -8.78045, -28.58999],
							"lerp_mode": "catmullrom"
						},
						"0.5": {
							"post": [-22.63154, -8.67575, -31.56435],
							"lerp_mode": "catmullrom"
						},
						"0.5417": {
							"post": [-22.90385, -7.0405, -33.86802],
							"lerp_mode": "catmullrom"
						},
						"0.5833": {
							"post": [-20.89, -6.04, -33.715],
							"lerp_mode": "catmullrom"
						},
						"0.7917": {
							"post": [-21.675, -6.545, -35.61],
							"lerp_mode": "catmullrom"
						},
						"0.9583": {
							"post": [-20.52179, -8.78045, -36.58999],
							"lerp_mode": "catmullrom"
						},
						"1.0833": {
							"post": [-20.48705, -10.21431, -41.87482],
							"lerp_mode": "catmullrom"
						},
						"1.2917": {
							"post": [-20.53, -11.18, -42.475],
							"lerp_mode": "catmullrom"
						},
						"1.4583": {
							"post": [-22.81744, -11.2582, -44.97057],
							"lerp_mode": "catmullrom"
						},
						"1.5417": {
							"post": [-21.5504, -9.52962, -42.17232],
							"lerp_mode": "catmullrom"
						},
						"1.6667": {
							"post": [-21.55, -10.72, -42.44],
							"lerp_mode": "catmullrom"
						},
						"1.7083": {
							"post": [-24.14758, -8.43359, -34.57865],
							"lerp_mode": "catmullrom"
						},
						"1.75": {
							"post": [-24.25569, -7.61266, -37.5122],
							"lerp_mode": "catmullrom"
						},
						"1.7917": {
							"post": [-22.76602, -9.68382, -29.86227],
							"lerp_mode": "catmullrom"
						},
						"1.9167": {
							"post": [-26.2693, 1.60456, -3.5084],
							"lerp_mode": "catmullrom"
						},
						"2.0": {
							"post": [-13.51479, 15.794, 26.81956],
							"lerp_mode": "catmullrom"
						},
						"2.1667": {
							"post": [-2.46401, 17.62248, 48.66971],
							"lerp_mode": "catmullrom"
						},
						"2.2083": {
							"post": [-3.38, 18, 50.19],
							"lerp_mode": "catmullrom"
						},
						"2.2917": {
							"post": [-4.05454, 16.59273, 51.33136],
							"lerp_mode": "catmullrom"
						},
						"2.3333": {
							"post": [0.33759, 18.70374, 44.12285],
							"lerp_mode": "catmullrom"
						},
						"2.4167": {
							"post": [1.48993, 14.78912, 50.76788],
							"lerp_mode": "catmullrom"
						},
						"2.5417": {
							"post": [-4.3706, 3.68795, 30.39586],
							"lerp_mode": "catmullrom"
						},
						"2.6667": {
							"post": [-6.4964, -1.26667, 7.01478],
							"lerp_mode": "catmullrom"
						},
						"2.75": {
							"post": [0, -0.925, 2.75],
							"lerp_mode": "catmullrom"
						},
						"2.7917": {
							"post": [0.43755, 0.84257, -0.55187],
							"lerp_mode": "catmullrom"
						},
						"2.8333": {
							"post": [-0.25539, -0.13954, 1.06151],
							"lerp_mode": "catmullrom"
						},
						"2.9583": {
							"post": [0, 0, 0],
							"lerp_mode": "catmullrom"
						}
					},
					"position": {
						"0.0": {
							"post": [0, 0, 0],
							"lerp_mode": "catmullrom"
						},
						"0.0833": {
							"post": [0.13, 1.67, -2.87],
							"lerp_mode": "catmullrom"
						},
						"0.25": {
							"post": [-0.5, 4.125, -4.4],
							"lerp_mode": "catmullrom"
						},
						"0.4583": {
							"post": [-0.44, 4.305, -4.51],
							"lerp_mode": "catmullrom"
						},
						"0.5": {
							"post": [-0.29, 3.325, -4.51],
							"lerp_mode": "catmullrom"
						},
						"0.5417": {
							"post": [-0.075, 2.895, -4.5],
							"lerp_mode": "catmullrom"
						},
						"0.6667": {
							"post": [0.065, 2.395, -4.46],
							"lerp_mode": "catmullrom"
						},
						"0.7917": {
							"post": [-0.58, 2.56, -4.44],
							"lerp_mode": "catmullrom"
						},
						"0.9583": {
							"post": [-0.775, 2.875, -4.4],
							"lerp_mode": "catmullrom"
						},
						"1.0417": {
							"post": [-0.61, 3.055, -4.47],
							"lerp_mode": "catmullrom"
						},
						"1.2083": {
							"post": [-0.355, 3.185, -4.49],
							"lerp_mode": "catmullrom"
						},
						"1.3333": {
							"post": [-0.185, 2.86, -4.51],
							"lerp_mode": "catmullrom"
						},
						"1.5": {
							"post": [-0.215, 2.67, -4.59],
							"lerp_mode": "catmullrom"
						},
						"1.6667": {
							"post": [-0.57, 2.445, -4.575],
							"lerp_mode": "catmullrom"
						},
						"1.7083": {
							"post": [-0.75, 1.66, -3.99],
							"lerp_mode": "catmullrom"
						},
						"1.7917": {
							"post": [-1.1, 1.525, -4.4],
							"lerp_mode": "catmullrom"
						},
						"1.9167": {
							"post": [-0.8, -0.91, -4.4],
							"lerp_mode": "catmullrom"
						},
						"1.9583": {
							"post": [-0.75, -1.1, -4.3],
							"lerp_mode": "catmullrom"
						},
						"2.0417": {
							"post": [-1.21, -0.17, -3.3],
							"lerp_mode": "catmullrom"
						},
						"2.1667": {
							"post": [-1.61, 0.115, -2.3],
							"lerp_mode": "catmullrom"
						},
						"2.25": {
							"post": [-1.475, 0.32, -2.27],
							"lerp_mode": "catmullrom"
						},
						"2.2917": {
							"post": [-1.46, 0.445, -2.4],
							"lerp_mode": "catmullrom"
						},
						"2.3333": {
							"post": [-1.65, 0.275, -3.5],
							"lerp_mode": "catmullrom"
						},
						"2.4583": {
							"post": [-1.83, 0.35, -2.11],
							"lerp_mode": "catmullrom"
						},
						"2.5833": {
							"post": [-0.65, -1.725, -2.625],
							"lerp_mode": "catmullrom"
						},
						"2.75": {
							"post": [0, 0.1, -0.1],
							"lerp_mode": "catmullrom"
						},
						"2.8333": {
							"post": [0, -0.1, -0.1],
							"lerp_mode": "catmullrom"
						},
						"2.9583": {
							"post": [0, 0, 0],
							"lerp_mode": "catmullrom"
						}
					}
				},
				"mag": {
					"rotation": {
						"0.4583": {
							"pre": [0, 0, 0],
							"post": [0, 0, 0],
							"lerp_mode": "catmullrom"
						},
						"0.5": {
							"post": [-8.934, -1.09239, -6.91466],
							"lerp_mode": "catmullrom"
						},
						"0.625": {
							"post": [-7.60853, -4.82152, -32.17921],
							"lerp_mode": "catmullrom"
						},
						"0.7917": {
							"post": [23.38625, -8.2481, -66.23935],
							"lerp_mode": "catmullrom"
						},
						"1.375": {
							"post": [-9.934, -1.09239, -6.91466],
							"lerp_mode": "catmullrom"
						},
						"1.5": {
							"post": [-17.934, -1.09239, -6.91466],
							"lerp_mode": "catmullrom"
						},
						"1.5417": {
							"post": [-19.1808, -1.29717, -7.64309],
							"lerp_mode": "catmullrom"
						},
						"1.625": {
							"post": [-19.77806, -0.85309, -6.58003],
							"lerp_mode": "catmullrom"
						},
						"1.6667": {
							"post": [-17.934, -1.09239, -6.91466],
							"lerp_mode": "catmullrom"
						},
						"1.7083": {
							"post": [0, 0, 0],
							"lerp_mode": "catmullrom"
						}
					},
					"position": {
						"0.4583": {
							"pre": [0, 0, 0],
							"post": [0, 0, 0],
							"lerp_mode": "catmullrom"
						},
						"0.5": {
							"post": [0, -0.7, -0.7],
							"lerp_mode": "catmullrom"
						},
						"0.5417": {
							"post": [0, -1.8, -0.75],
							"lerp_mode": "catmullrom"
						},
						"0.625": {
							"post": [2.8, -3, -0.7],
							"lerp_mode": "catmullrom"
						},
						"0.6667": {
							"post": [5.84159, -12.71667, -0.89006],
							"lerp_mode": "catmullrom"
						},
						"0.7917": {
							"post": [5.9, -19.2, -0.7],
							"lerp_mode": "catmullrom"
						},
						"1.125": {
							"post": [5.9, -23.7, -0.7],
							"lerp_mode": "catmullrom"
						},
						"1.25": {
							"post": [5.9, -19.4, -0.7],
							"lerp_mode": "catmullrom"
						},
						"1.4167": [0.35, -1.7, -0.525],
						"1.4583": [0.25, -0.7, -0.15],
						"1.5417": {
							"pre": [0, -0.34, 0],
							"post": [0, -0.34, 0],
							"lerp_mode": "catmullrom"
						},
						"1.625": {
							"post": [0, -0.39, 0],
							"lerp_mode": "catmullrom"
						},
						"1.6667": {
							"post": [0, -0.4, 0],
							"lerp_mode": "catmullrom"
						},
						"1.7083": {
							"post": [0, 0, 0],
							"lerp_mode": "catmullrom"
						}
					}
				},
				"camera": {
					"rotation": {
						"0.0": {
							"post": [0, 0, 0],
							"lerp_mode": "catmullrom"
						},
						"0.1667": {
							"post": [0.05, 0.125, -0.25],
							"lerp_mode": "catmullrom"
						},
						"0.3333": {
							"post": [1.875, 0.9, -1.375],
							"lerp_mode": "catmullrom"
						},
						"0.5": {
							"post": [1.825, 1.25, -1.375],
							"lerp_mode": "catmullrom"
						},
						"0.5833": {
							"post": [1.62, 1.325, -1.775],
							"lerp_mode": "catmullrom"
						},
						"0.6667": {
							"post": [0.545, 0.7, -0.675],
							"lerp_mode": "catmullrom"
						},
						"0.75": {
							"post": [1.265, 1.2, -2.025],
							"lerp_mode": "catmullrom"
						},
						"0.9167": {
							"post": [0.87, 0.725, -1.8],
							"lerp_mode": "catmullrom"
						},
						"1.0417": {
							"post": [1.28, 0.8, -2.35],
							"lerp_mode": "catmullrom"
						},
						"1.25": {
							"post": [1.225, 0.9, -2.25],
							"lerp_mode": "catmullrom"
						},
						"1.4583": {
							"post": [1.005, 0.85, -2.025],
							"lerp_mode": "catmullrom"
						},
						"1.7083": {
							"post": [1.595, 1.325, -1.775],
							"lerp_mode": "catmullrom"
						},
						"1.75": {
							"post": [2.85, 0.975, -0.425],
							"lerp_mode": "catmullrom"
						},
						"1.8333": {
							"post": [1.875, 0.725, -1.375],
							"lerp_mode": "catmullrom"
						},
						"1.9583": {
							"post": [1.745, -0.225, -1.075],
							"lerp_mode": "catmullrom"
						},
						"2.1667": {
							"post": [0.02, 0.25, -0.16],
							"lerp_mode": "catmullrom"
						},
						"2.25": {
							"post": [0.275, -0.125, -0.45],
							"lerp_mode": "catmullrom"
						},
						"2.2917": {
							"post": [0, 0, -0.1],
							"lerp_mode": "catmullrom"
						},
						"2.3333": {
							"post": [0, 0, -0.1],
							"lerp_mode": "catmullrom"
						},
						"2.375": {
							"post": [0, 0, 0.9],
							"lerp_mode": "catmullrom"
						},
						"2.4167": {
							"post": [0, 0, -0.5],
							"lerp_mode": "catmullrom"
						},
						"2.4583": {
							"post": [0, 0, 0.5],
							"lerp_mode": "catmullrom"
						},
						"2.5": {
							"post": [0, 0, 0],
							"lerp_mode": "catmullrom"
						},
						"2.625": {
							"post": [0.02, 0.25, -0.16],
							"lerp_mode": "catmullrom"
						},
						"2.6667": {
							"post": [-0.25, 0.325, 0.375],
							"lerp_mode": "catmullrom"
						},
						"2.7083": {
							"post": [0.275, -0.125, -0.45],
							"lerp_mode": "catmullrom"
						},
						"2.8333": {
							"post": [0, 0, -0.1],
							"lerp_mode": "catmullrom"
						},
						"2.9167": {
							"post": [0, 0, 0],
							"lerp_mode": "catmullrom"
						}
					}
				}
			}
		},
		"inspect": {
			"animation_length": 5.3333,
			"bones": {
				"left": {
					"rotation": {
						"0.0": {
							"post": [80.60313, -30.00822, -117.85065],
							"lerp_mode": "catmullrom"
						},
						"0.3333": {
							"post": [104.18289, -0.22297, -171.11939],
							"lerp_mode": "catmullrom"
						},
						"0.5833": [104.18289, -0.22297, -171.11939],
						"2.25": [104.18289, -0.22297, -171.11939],
						"2.6667": [78.98318, -21.33114, -194.70345],
						"4.75": [78.98318, -21.33114, -194.70345],
						"5.0": {
							"pre": [80.60313, -30.00822, -117.85065],
							"post": [80.60313, -30.00822, -117.85065],
							"lerp_mode": "catmullrom"
						}
					},
					"position": {
						"0.0": {
							"post": [7.3, -5, 0],
							"lerp_mode": "catmullrom"
						},
						"0.0417": {
							"post": [8.64756, -6.01084, 1.69125],
							"lerp_mode": "catmullrom"
						},
						"0.1667": {
							"post": [9.75025, -11.46522, 5.20487],
							"lerp_mode": "catmullrom"
						},
						"0.25": {
							"post": [8.40174, -15.90511, 8.68845],
							"lerp_mode": "catmullrom"
						},
						"0.2917": {
							"post": [5.5034, -18.4961, 10.90686],
							"lerp_mode": "catmullrom"
						},
						"0.4583": {
							"post": [1.78612, -24.81786, 13.5404],
							"lerp_mode": "catmullrom"
						},
						"0.5833": [-4.83374, -25.97496, 16.3774],
						"2.25": [-4.83374, -25.97496, 16.3774],
						"2.3333": {
							"pre": [-1.10572, -23.90701, 14.68728],
							"post": [-1.10572, -23.90701, 14.68728],
							"lerp_mode": "catmullrom"
						},
						"2.4583": {
							"post": [11.33597, -21.90293, 8.78698],
							"lerp_mode": "catmullrom"
						},
						"2.5417": {
							"post": [18.65747, -11.05415, 3.10465],
							"lerp_mode": "catmullrom"
						},
						"2.5833": {
							"post": [13.90562, -3.35754, -1.10538],
							"lerp_mode": "catmullrom"
						},
						"2.6667": [8.86548, -1.56684, -1.32766],
						"4.75": [8.86548, -1.56684, -1.32766],
						"4.8333": [9.76138, -3.50658, -0.38566],
						"5.0": {
							"pre": [7.3, -5, 0],
							"post": [7.3, -5, 0],
							"lerp_mode": "catmullrom"
						}
					},
					"scale": [1, 1.5, 1]
				},
				"right": {
					"rotation": [101.10439, 22.34307, -170.98972],
					"position": [-6.8, -6.6, 6],
					"scale": [1, 1.5, 1]
				},
				"root": {
					"rotation": {
						"0.0": {
							"post": [0, 0, 0],
							"lerp_mode": "catmullrom"
						},
						"0.0833": {
							"post": [-1.8801, -6.83227, -12.79537],
							"lerp_mode": "catmullrom"
						},
						"0.2917": {
							"post": [-9.80405, -21.4325, -46.46903],
							"lerp_mode": "catmullrom"
						},
						"0.3333": {
							"post": [-9.58991, -23.25519, -55.21838],
							"lerp_mode": "catmullrom"
						},
						"0.4167": {
							"post": [-11.15168, -22.00688, -52.90787],
							"lerp_mode": "catmullrom"
						},
						"0.8333": {
							"post": [-11.465, -21.85, -53.095],
							"lerp_mode": "catmullrom"
						},
						"1.0833": {
							"post": [-11.025, -21.98, -55.37],
							"lerp_mode": "catmullrom"
						},
						"1.25": {
							"post": [-7.41586, -22.32944, -65.76316],
							"lerp_mode": "catmullrom"
						},
						"1.5": {
							"post": [-7.02, -22.45, -66.98],
							"lerp_mode": "catmullrom"
						},
						"1.7083": {
							"post": [-7.01, -22.53, -67.09],
							"lerp_mode": "catmullrom"
						},
						"1.9167": {
							"post": [-7.05, -22.6, -66.975],
							"lerp_mode": "catmullrom"
						},
						"2.25": {
							"post": [-7.05, -22.68, -66.415],
							"lerp_mode": "catmullrom"
						},
						"2.3333": {
							"post": [-9.71586, -22.32944, -55.78816],
							"lerp_mode": "catmullrom"
						},
						"2.5": {
							"post": [-21.44026, -9.06304, 1.18923],
							"lerp_mode": "catmullrom"
						},
						"2.6667": {
							"post": [-27.11529, 13.74877, 48.36455],
							"lerp_mode": "catmullrom"
						},
						"2.75": {
							"post": [-27.51, 15.15, 62.025],
							"lerp_mode": "catmullrom"
						},
						"2.9583": {
							"post": [-27.97839, 14.10007, 60.71158],
							"lerp_mode": "catmullrom"
						},
						"3.25": {
							"post": [-27.32, 13.77, 59.795],
							"lerp_mode": "catmullrom"
						},
						"3.3333": {
							"post": [-27.11529, 13.74877, 60.26455],
							"lerp_mode": "catmullrom"
						},
						"3.5417": {
							"post": [-26.18058, 14.76844, 66.93463],
							"lerp_mode": "catmullrom"
						},
						"4.0833": {
							"post": [-25.92698, 15.98266, 69.66811],
							"lerp_mode": "catmullrom"
						},
						"4.7083": {
							"post": [-25.92698, 15.98266, 69.66811],
							"lerp_mode": "catmullrom"
						},
						"4.7917": {
							"post": [-25.11823, 13.37554, 60.09349],
							"lerp_mode": "catmullrom"
						},
						"4.9167": {
							"post": [-20.48, 7.31, 40.64],
							"lerp_mode": "catmullrom"
						},
						"5.0": {
							"post": [-0.97, 0.38, 19.71],
							"lerp_mode": "catmullrom"
						},
						"5.0417": {
							"post": [1.09695, -2.00243, 10.5698],
							"lerp_mode": "catmullrom"
						},
						"5.1667": {
							"post": [0.56, -0.68, 2.79],
							"lerp_mode": "catmullrom"
						},
						"5.2083": {
							"post": [0.19999, 0.00175, -0.5],
							"lerp_mode": "catmullrom"
						},
						"5.2917": {
							"post": [0.04615, 0.02537, 0.23],
							"lerp_mode": "catmullrom"
						},
						"5.3333": {
							"post": [0, 0, 0],
							"lerp_mode": "catmullrom"
						}
					},
					"position": {
						"0.0": {
							"post": [0, 0, 0],
							"lerp_mode": "catmullrom"
						},
						"0.25": {
							"post": [2.33, 3.33, -4.53],
							"lerp_mode": "catmullrom"
						},
						"0.3333": {
							"post": [3.075, 3.9, -2.6],
							"lerp_mode": "catmullrom"
						},
						"0.4583": {
							"post": [3.2, 4.1, -2.975],
							"lerp_mode": "catmullrom"
						},
						"0.5833": {
							"post": [3.21, 4.035, -2.94],
							"lerp_mode": "catmullrom"
						},
						"1.0833": {
							"post": [3.21, 4.01, -2.94],
							"lerp_mode": "catmullrom"
						},
						"1.25": {
							"post": [3.3, 4.05, -3.2],
							"lerp_mode": "catmullrom"
						},
						"1.5417": {
							"post": [3.29, 4.09, -3.115],
							"lerp_mode": "catmullrom"
						},
						"1.9167": {
							"post": [3.305, 4.09, -3.15],
							"lerp_mode": "catmullrom"
						},
						"2.25": {
							"post": [3.23, 4.14, -3.15],
							"lerp_mode": "catmullrom"
						},
						"2.3333": {
							"post": [2.825, 2.95, -3.375],
							"lerp_mode": "catmullrom"
						},
						"2.5": {
							"post": [1.81, 1.48, -3.75],
							"lerp_mode": "catmullrom"
						},
						"2.6667": {
							"post": [0.7, 1.825, -4.1],
							"lerp_mode": "catmullrom"
						},
						"2.75": {
							"post": [0.46, 2.4, -4.17],
							"lerp_mode": "catmullrom"
						},
						"3.3333": {
							"post": [0.4, 2.4, -4.1],
							"lerp_mode": "catmullrom"
						},
						"3.5": {
							"post": [0.4, 2.4, -4.1],
							"lerp_mode": "catmullrom"
						},
						"4.2083": {
							"post": [0.36, 2.485, -4.16],
							"lerp_mode": "catmullrom"
						},
						"4.6667": {
							"post": [0.43, 2.48, -4.23],
							"lerp_mode": "catmullrom"
						},
						"4.75": {
							"post": [0.4, 2, -4.1],
							"lerp_mode": "catmullrom"
						},
						"5.0": {
							"post": [0.2, -0.7, -1.9],
							"lerp_mode": "catmullrom"
						},
						"5.1667": {
							"post": [0, 0, 0.6],
							"lerp_mode": "catmullrom"
						},
						"5.2917": {
							"post": [0, 0, 0],
							"lerp_mode": "catmullrom"
						}
					}
				},
				"camera": {
					"rotation": {
						"0.0": {
							"post": [0, 0, 0],
							"lerp_mode": "catmullrom"
						},
						"0.1667": {
							"post": [0.05, 0.125, -0.25],
							"lerp_mode": "catmullrom"
						},
						"0.3333": {
							"post": [1.875, 0.9, -1.375],
							"lerp_mode": "catmullrom"
						},
						"0.5": {
							"post": [1.825, 1.25, -1.375],
							"lerp_mode": "catmullrom"
						},
						"1.0": {
							"post": [1.6375, 1.25, -1.125],
							"lerp_mode": "catmullrom"
						},
						"1.5": {
							"post": [1.825, 0.5, -0.375],
							"lerp_mode": "catmullrom"
						},
						"2.2917": {
							"post": [1.825, 0.25, -0.375],
							"lerp_mode": "catmullrom"
						},
						"2.5": {
							"post": [1.84, -0.42, 0.14],
							"lerp_mode": "catmullrom"
						},
						"2.75": {
							"post": [2.96, -1.29, 0.76],
							"lerp_mode": "catmullrom"
						},
						"3.0417": {
							"post": [2.825, -1.75, 0.625],
							"lerp_mode": "catmullrom"
						},
						"3.875": {
							"post": [2.575, -1.75, 0.625],
							"lerp_mode": "catmullrom"
						},
						"4.6667": {
							"post": [2.825, -1.75, 0.625],
							"lerp_mode": "catmullrom"
						},
						"5.0417": {
							"post": [0.46, -0.24, 0.0725],
							"lerp_mode": "catmullrom"
						},
						"5.3333": {
							"post": [0, 0, 0],
							"lerp_mode": "catmullrom"
						}
					}
				}
			}
		},
		"inspect_empty": {
			"animation_length": 5.3333,
			"bones": {
				"left": {
					"rotation": {
						"0.0": {
							"post": [80.60313, -30.00822, -117.85065],
							"lerp_mode": "catmullrom"
						},
						"0.3333": {
							"post": [104.18289, -0.22297, -171.11939],
							"lerp_mode": "catmullrom"
						},
						"0.5833": [104.18289, -0.22297, -171.11939],
						"2.25": [104.18289, -0.22297, -171.11939],
						"2.6667": [78.98318, -21.33114, -194.70345],
						"4.75": [78.98318, -21.33114, -194.70345],
						"5.0": {
							"pre": [80.60313, -30.00822, -117.85065],
							"post": [80.60313, -30.00822, -117.85065],
							"lerp_mode": "catmullrom"
						}
					},
					"position": {
						"0.0": {
							"post": [7.3, -5, 0],
							"lerp_mode": "catmullrom"
						},
						"0.0417": {
							"post": [8.64756, -6.01084, 1.69125],
							"lerp_mode": "catmullrom"
						},
						"0.1667": {
							"post": [9.75025, -11.46522, 5.20487],
							"lerp_mode": "catmullrom"
						},
						"0.25": {
							"post": [8.40174, -15.90511, 8.68845],
							"lerp_mode": "catmullrom"
						},
						"0.2917": {
							"post": [5.5034, -18.4961, 10.90686],
							"lerp_mode": "catmullrom"
						},
						"0.4583": {
							"post": [1.78612, -24.81786, 13.5404],
							"lerp_mode": "catmullrom"
						},
						"0.5833": [-4.83374, -25.97496, 16.3774],
						"2.25": [-4.83374, -25.97496, 16.3774],
						"2.3333": {
							"pre": [-1.10572, -23.90701, 14.68728],
							"post": [-1.10572, -23.90701, 14.68728],
							"lerp_mode": "catmullrom"
						},
						"2.4583": {
							"post": [11.33597, -21.90293, 8.78698],
							"lerp_mode": "catmullrom"
						},
						"2.5417": {
							"post": [18.65747, -11.05415, 3.10465],
							"lerp_mode": "catmullrom"
						},
						"2.5833": {
							"post": [13.90562, -3.35754, -1.10538],
							"lerp_mode": "catmullrom"
						},
						"2.6667": [8.86548, -1.56684, -1.32766],
						"4.75": [8.86548, -1.56684, -1.32766],
						"4.8333": [9.76138, -3.50658, -0.38566],
						"5.0": {
							"pre": [7.3, -5, 0],
							"post": [7.3, -5, 0],
							"lerp_mode": "catmullrom"
						}
					},
					"scale": [1, 1.5, 1]
				},
				"right": {
					"rotation": [101.10439, 22.34307, -170.98972],
					"position": [-6.8, -6.6, 6],
					"scale": [1, 1.5, 1]
				},
				"root": {
					"rotation": {
						"0.0": {
							"post": [0, 0, 0],
							"lerp_mode": "catmullrom"
						},
						"0.0833": {
							"post": [-1.8801, -6.83227, -12.79537],
							"lerp_mode": "catmullrom"
						},
						"0.2917": {
							"post": [-9.80405, -21.4325, -46.46903],
							"lerp_mode": "catmullrom"
						},
						"0.3333": {
							"post": [-9.58991, -23.25519, -55.21838],
							"lerp_mode": "catmullrom"
						},
						"0.4167": {
							"post": [-11.15168, -22.00688, -52.90787],
							"lerp_mode": "catmullrom"
						},
						"0.8333": {
							"post": [-11.465, -21.85, -53.095],
							"lerp_mode": "catmullrom"
						},
						"1.0833": {
							"post": [-11.025, -21.98, -55.37],
							"lerp_mode": "catmullrom"
						},
						"1.25": {
							"post": [-7.41586, -22.32944, -65.76316],
							"lerp_mode": "catmullrom"
						},
						"1.5": {
							"post": [-7.02, -22.45, -66.98],
							"lerp_mode": "catmullrom"
						},
						"1.7083": {
							"post": [-7.01, -22.53, -67.09],
							"lerp_mode": "catmullrom"
						},
						"1.9167": {
							"post": [-7.05, -22.6, -66.975],
							"lerp_mode": "catmullrom"
						},
						"2.25": {
							"post": [-7.05, -22.68, -66.415],
							"lerp_mode": "catmullrom"
						},
						"2.3333": {
							"post": [-9.71586, -22.32944, -55.78816],
							"lerp_mode": "catmullrom"
						},
						"2.5": {
							"post": [-21.44026, -9.06304, 1.18923],
							"lerp_mode": "catmullrom"
						},
						"2.6667": {
							"post": [-27.11529, 13.74877, 48.36455],
							"lerp_mode": "catmullrom"
						},
						"2.75": {
							"post": [-27.51, 15.15, 62.025],
							"lerp_mode": "catmullrom"
						},
						"2.9583": {
							"post": [-27.97839, 14.10007, 60.71158],
							"lerp_mode": "catmullrom"
						},
						"3.25": {
							"post": [-27.32, 13.77, 59.795],
							"lerp_mode": "catmullrom"
						},
						"3.3333": {
							"post": [-27.11529, 13.74877, 60.26455],
							"lerp_mode": "catmullrom"
						},
						"3.5417": {
							"post": [-26.18058, 14.76844, 66.93463],
							"lerp_mode": "catmullrom"
						},
						"4.0833": {
							"post": [-25.92698, 15.98266, 69.66811],
							"lerp_mode": "catmullrom"
						},
						"4.7083": {
							"post": [-25.92698, 15.98266, 69.66811],
							"lerp_mode": "catmullrom"
						},
						"4.7917": {
							"post": [-25.11823, 13.37554, 60.09349],
							"lerp_mode": "catmullrom"
						},
						"4.9167": {
							"post": [-20.48, 7.31, 40.64],
							"lerp_mode": "catmullrom"
						},
						"5.0": {
							"post": [-0.97, 0.38, 19.71],
							"lerp_mode": "catmullrom"
						},
						"5.0417": {
							"post": [1.09695, -2.00243, 10.5698],
							"lerp_mode": "catmullrom"
						},
						"5.1667": {
							"post": [0.56, -0.68, 2.79],
							"lerp_mode": "catmullrom"
						},
						"5.2083": {
							"post": [0.19999, 0.00175, -0.5],
							"lerp_mode": "catmullrom"
						},
						"5.2917": {
							"post": [0.04615, 0.02537, 0.23],
							"lerp_mode": "catmullrom"
						},
						"5.3333": {
							"post": [0, 0, 0],
							"lerp_mode": "catmullrom"
						}
					},
					"position": {
						"0.0": {
							"post": [0, 0, 0],
							"lerp_mode": "catmullrom"
						},
						"0.25": {
							"post": [2.33, 3.33, -4.53],
							"lerp_mode": "catmullrom"
						},
						"0.3333": {
							"post": [3.075, 3.9, -2.6],
							"lerp_mode": "catmullrom"
						},
						"0.4583": {
							"post": [3.2, 4.1, -2.975],
							"lerp_mode": "catmullrom"
						},
						"0.5833": {
							"post": [3.21, 4.035, -2.94],
							"lerp_mode": "catmullrom"
						},
						"1.0833": {
							"post": [3.21, 4.01, -2.94],
							"lerp_mode": "catmullrom"
						},
						"1.25": {
							"post": [3.3, 4.05, -3.2],
							"lerp_mode": "catmullrom"
						},
						"1.5417": {
							"post": [3.29, 4.09, -3.115],
							"lerp_mode": "catmullrom"
						},
						"1.9167": {
							"post": [3.305, 4.09, -3.15],
							"lerp_mode": "catmullrom"
						},
						"2.25": {
							"post": [3.23, 4.14, -3.15],
							"lerp_mode": "catmullrom"
						},
						"2.3333": {
							"post": [2.825, 2.95, -3.375],
							"lerp_mode": "catmullrom"
						},
						"2.5": {
							"post": [1.81, 1.48, -3.75],
							"lerp_mode": "catmullrom"
						},
						"2.6667": {
							"post": [0.7, 1.825, -4.1],
							"lerp_mode": "catmullrom"
						},
						"2.75": {
							"post": [0.46, 2.4, -4.17],
							"lerp_mode": "catmullrom"
						},
						"3.3333": {
							"post": [0.4, 2.4, -4.1],
							"lerp_mode": "catmullrom"
						},
						"3.5": {
							"post": [0.4, 2.4, -4.1],
							"lerp_mode": "catmullrom"
						},
						"4.2083": {
							"post": [0.36, 2.485, -4.16],
							"lerp_mode": "catmullrom"
						},
						"4.6667": {
							"post": [0.43, 2.48, -4.23],
							"lerp_mode": "catmullrom"
						},
						"4.75": {
							"post": [0.4, 2, -4.1],
							"lerp_mode": "catmullrom"
						},
						"5.0": {
							"post": [0.2, -0.7, -1.9],
							"lerp_mode": "catmullrom"
						},
						"5.1667": {
							"post": [0, 0, 0.6],
							"lerp_mode": "catmullrom"
						},
						"5.2917": {
							"post": [0, 0, 0],
							"lerp_mode": "catmullrom"
						}
					}
				},
				"bolt": {
					"position": [0, 0, 3]
				},
				"camera": {
					"rotation": {
						"0.0": {
							"post": [0, 0, 0],
							"lerp_mode": "catmullrom"
						},
						"0.1667": {
							"post": [0.05, 0.125, -0.25],
							"lerp_mode": "catmullrom"
						},
						"0.3333": {
							"post": [1.875, 0.9, -1.375],
							"lerp_mode": "catmullrom"
						},
						"0.5": {
							"post": [1.825, 1.25, -1.375],
							"lerp_mode": "catmullrom"
						},
						"1.0": {
							"post": [1.6375, 1.25, -1.125],
							"lerp_mode": "catmullrom"
						},
						"1.5": {
							"post": [1.825, 0.5, -0.375],
							"lerp_mode": "catmullrom"
						},
						"2.2917": {
							"post": [1.825, 0.25, -0.375],
							"lerp_mode": "catmullrom"
						},
						"2.5": {
							"post": [1.84, -0.42, 0.14],
							"lerp_mode": "catmullrom"
						},
						"2.75": {
							"post": [2.96, -1.29, 0.76],
							"lerp_mode": "catmullrom"
						},
						"3.0417": {
							"post": [2.825, -1.75, 0.625],
							"lerp_mode": "catmullrom"
						},
						"3.875": {
							"post": [2.575, -1.75, 0.625],
							"lerp_mode": "catmullrom"
						},
						"4.6667": {
							"post": [2.825, -1.75, 0.625],
							"lerp_mode": "catmullrom"
						},
						"5.0417": {
							"post": [0.46, -0.24, 0.0725],
							"lerp_mode": "catmullrom"
						},
						"5.3333": {
							"post": [0, 0, 0],
							"lerp_mode": "catmullrom"
						}
					}
				}
			}
		}
	}
}