{
	"format_version": "1.8.0",
	"animations": {
		"static_idle": {
			"loop": true,
			"bones": {
				"left": {
					"rotation": [93.93084, -36.60888, -125.73555],
					"position": [7.03, -6.15, -8.57],
					"scale": [1, 1.5, 1]
				},
				"right": {
					"rotation": [95.0274, 5.97708, -179.47516],
					"position": [-6.95, -6.1, 6.825],
					"scale": [1, 1.5, 1]
				},
				"constraint": {
					"rotation": [0.2, 0.2, 0.2],
					"position": [0.2, 0.2, 0.2]
				},
				"light_red_illuminated": {
					"scale": 0
				},
				"light_blue_illuminated": {
					"scale": 1
				}
			}
		},
		"static_bolt_caught": {
			"loop": true,
			"bones": {
				"left": {
					"rotation": [93.93084, -36.60888, -125.73555],
					"position": [7.03, -6.15, -8.57],
					"scale": [1, 1.5, 1]
				},
				"right": {
					"rotation": [95.0274, 5.97708, -179.47516],
					"position": [-6.95, -6.1, 6.825],
					"scale": [1, 1.5, 1]
				},
				"constraint": {
					"rotation": [0.2, 0.2, 0.2],
					"position": [0.2, 0.2, 0.2]
				},
				"light_red_illuminated": {
					"scale": 1
				},
				"light_blue_illuminated": {
					"scale": 0
				}
			}
		},
		"draw": {
			"animation_length": 1.125,
			"bones": {
				"root": {
					"rotation": {
						"0.0": [22.5, -22.5, 32.5],
						"0.1667": {
							"pre": [16.81, -14.77, 27.74],
							"post": [16.81, -14.77, 27.74],
							"lerp_mode": "catmullrom"
						},
						"0.25": {
							"post": [10.38725, -13.74806, 10.06185],
							"lerp_mode": "catmullrom"
						},
						"0.4167": {
							"post": [-0.88995, -1.54338, 7.15196],
							"lerp_mode": "catmullrom"
						},
						"0.5833": [1.10685, 1.42586, -1.99731],
						"0.6667": {
							"pre": [0.39065, 0.294, 2.28025],
							"post": [0.39065, 0.294, 2.28025],
							"lerp_mode": "catmullrom"
						},
						"0.75": {
							"post": [0.03946, 0.20234, -1.89002],
							"lerp_mode": "catmullrom"
						},
						"0.9167": {
							"post": [0.03, 0.12, 0.67],
							"lerp_mode": "catmullrom"
						},
						"1.125": [0, 0, 0]
					},
					"position": {
						"0.0": {
							"post": [-5, -14, 0],
							"lerp_mode": "catmullrom"
						},
						"0.25": {
							"post": [-3.79, -7.23, -0.38],
							"lerp_mode": "catmullrom"
						},
						"0.4583": {
							"post": [-0.3, -0.975, -0.6],
							"lerp_mode": "catmullrom"
						},
						"0.6667": {
							"post": [0.01, -0.3, 0.5],
							"lerp_mode": "catmullrom"
						},
						"0.7917": [-0.01, -0.07, -0.32],
						"1.0": {
							"pre": [0, 0, 0],
							"post": [0, 0, 0],
							"lerp_mode": "catmullrom"
						}
					}
				},
				"left": {
					"rotation": [93.93084, -36.60888, -125.73555],
					"position": [7.03, -6.15, -8.57],
					"scale": [1, 1.5, 1]
				},
				"right": {
					"rotation": [95.0274, 5.97708, -179.47516],
					"position": [-6.95, -6.1, 6.825],
					"scale": [1, 1.5, 1]
				},
				"camera": {
					"rotation": {
						"0.0": {
							"post": [0, 0, 0],
							"lerp_mode": "catmullrom"
						},
						"0.125": {
							"post": [0.55, -0.05, 0.1],
							"lerp_mode": "catmullrom"
						},
						"0.25": {
							"post": [1.1, -0.3, 0.7],
							"lerp_mode": "catmullrom"
						},
						"0.5": {
							"post": [0.7, -0.2, 0.3],
							"lerp_mode": "catmullrom"
						},
						"0.5833": {
							"post": [-0.1, 0, 0.4],
							"lerp_mode": "catmullrom"
						},
						"0.7083": {
							"post": [0.2, 0.1, -0.3],
							"lerp_mode": "catmullrom"
						},
						"0.8333": {
							"post": [0, 0, 0.1],
							"lerp_mode": "catmullrom"
						},
						"0.9167": {
							"post": [0, 0, 0],
							"lerp_mode": "catmullrom"
						}
					}
				}
			}
		},
		"put_away": {
			"animation_length": 0.625,
			"bones": {
				"root": {
					"rotation": {
						"0.0": {
							"post": [0, 0, 0],
							"lerp_mode": "catmullrom"
						},
						"0.0833": {
							"post": [-0.64, -3.66, -2.19],
							"lerp_mode": "catmullrom"
						},
						"0.2083": {
							"post": [1.8, -12.38, 1.96],
							"lerp_mode": "catmullrom"
						},
						"0.375": {
							"post": [6.24, -23.59, 10.25],
							"lerp_mode": "catmullrom"
						},
						"0.5417": {
							"post": [11.63972, -43.66226, 20.28897],
							"lerp_mode": "catmullrom"
						},
						"0.5833": {
							"post": [13.35, -52.02, 23.22],
							"lerp_mode": "catmullrom"
						}
					},
					"position": {
						"0.0": {
							"post": [0, 0, 0],
							"lerp_mode": "catmullrom"
						},
						"0.0833": {
							"post": [-0.45, -0.49, 0.28],
							"lerp_mode": "catmullrom"
						},
						"0.2083": {
							"post": [-0.67, -1.47, 0.34],
							"lerp_mode": "catmullrom"
						},
						"0.375": {
							"post": [-0.435, -2.62, 0.06],
							"lerp_mode": "catmullrom"
						},
						"0.5417": {
							"post": [0.92, -5.65, -0.335],
							"lerp_mode": "catmullrom"
						},
						"0.625": {
							"post": [1.97, -6.47, -0.37],
							"lerp_mode": "catmullrom"
						}
					}
				},
				"left": {
					"rotation": [93.93084, -36.60888, -125.73555],
					"position": [7.03, -6.15, -8.57],
					"scale": [1, 1.5, 1]
				},
				"right": {
					"rotation": [95.0274, 5.97708, -179.47516],
					"position": [-6.95, -6.1, 6.825],
					"scale": [1, 1.5, 1]
				},
				"camera": {
					"rotation": {
						"0.0": {
							"post": [0, 0, 0],
							"lerp_mode": "catmullrom"
						},
						"0.1667": {
							"post": [0.3, 0, -0.125],
							"lerp_mode": "catmullrom"
						},
						"0.2917": {
							"post": [0.64, 0, 0.3],
							"lerp_mode": "catmullrom"
						},
						"0.4583": {
							"post": [0.5, 0, 0.15],
							"lerp_mode": "catmullrom"
						},
						"0.5833": {
							"post": [0, 0, 0],
							"lerp_mode": "catmullrom"
						}
					}
				}
			}
		},
		"shoot": {
			"animation_length": 0.625,
			"bones": {
				"root": {
					"rotation": {
						"0.0": {
							"post": [0, 0, 0],
							"lerp_mode": "catmullrom"
						},
						"0.0417": {
							"post": [0.16986, -0.11208, 2.14881],
							"lerp_mode": "catmullrom"
						},
						"0.0833": {
							"post": [-0.99135, 0.12866, 1.12246],
							"lerp_mode": "catmullrom"
						},
						"0.1667": {
							"post": [0.77838, 0.0674, -0.52417],
							"lerp_mode": "catmullrom"
						},
						"0.25": {
							"post": [0.27498, -0.0036, 0.17499],
							"lerp_mode": "catmullrom"
						},
						"0.375": {
							"post": [0.425, -0.2, 0.525],
							"lerp_mode": "catmullrom"
						},
						"0.5": {
							"post": [-0.07, -0.075, -0.05],
							"lerp_mode": "catmullrom"
						},
						"0.625": {
							"post": [0, 0, 0],
							"lerp_mode": "catmullrom"
						}
					},
					"position": {
						"0.0": {
							"post": [0, 0, 0],
							"lerp_mode": "catmullrom"
						},
						"0.0417": {
							"post": [0, -0.025, 2.7],
							"lerp_mode": "catmullrom"
						},
						"0.0833": {
							"post": [0, -0.075, 2.555],
							"lerp_mode": "catmullrom"
						},
						"0.1667": {
							"post": [0, -0.175, 0.5675],
							"lerp_mode": "catmullrom"
						},
						"0.25": {
							"post": [0, -0.025, 0.1],
							"lerp_mode": "catmullrom"
						},
						"0.375": {
							"post": [0, 0, 0],
							"lerp_mode": "catmullrom"
						}
					}
				},
				"camera": {
					"rotation": {
						"0.0": {
							"post": [0, 0, 0],
							"lerp_mode": "catmullrom"
						},
						"0.0417": {
							"post": [0, 0, 0.6],
							"lerp_mode": "catmullrom"
						},
						"0.0833": {
							"post": [0, 0, -0.4],
							"lerp_mode": "catmullrom"
						},
						"0.125": {
							"post": [0, 0, 0.325],
							"lerp_mode": "catmullrom"
						},
						"0.2083": {
							"post": [0, 0, -0.225],
							"lerp_mode": "catmullrom"
						},
						"0.25": {
							"post": [0, 0, 0.125],
							"lerp_mode": "catmullrom"
						},
						"0.375": {
							"post": [0, 0, 0],
							"lerp_mode": "catmullrom"
						}
					}
				}
			}
		},
		"reload_tactical": {
			"loop": "hold_on_last_frame",
			"animation_length": 4.5,
			"bones": {
				"left": {
					"rotation": {
						"0.0": [93.93084, -36.60888, -125.73555],
						"0.375": {
							"pre": [80.49334, -36.60888, -125.73555],
							"post": [80.49334, -36.60888, -125.73555],
							"lerp_mode": "catmullrom"
						},
						"0.7083": [78.93084, -36.60888, -125.73555],
						"4.0417": [78.93084, -36.60888, -125.73555],
						"4.1667": {
							"pre": [82.36, -36.61, -125.74],
							"post": [82.36, -36.61, -125.74],
							"lerp_mode": "catmullrom"
						},
						"4.3333": [93.93084, -36.60888, -125.73555]
					},
					"position": [7.03, -6.15, -8.57],
					"scale": [1, 1.5, 1]
				},
				"right": {
					"rotation": {
						"0.0": [95.0274, 5.97708, -179.47516],
						"0.375": [95.0274, 5.97708, -179.47516],
						"0.75": [103.22767, -9.68045, -168.7992],
						"0.7917": [103.22767, -9.68045, -168.7992],
						"0.9167": {
							"pre": [115.72767, -9.68045, -168.7992],
							"post": [115.72767, -9.68045, -168.7992],
							"lerp_mode": "catmullrom"
						},
						"1.125": [99.84074, -17.13619, -201.63704],
						"3.2083": [99.84, -17.14, -201.64],
						"3.2917": [100.34071, -24.52439, -203.04495],
						"3.375": [100.34071, -24.52439, -203.04495],
						"3.4583": [100.34071, -24.52439, -203.04495],
						"3.5833": {
							"pre": [155.45087, -4.18877, -195.81634],
							"post": [155.45087, -4.18877, -195.81634],
							"lerp_mode": "catmullrom"
						},
						"3.7083": {
							"post": [68.34556, -26.27808, -173.60232],
							"lerp_mode": "catmullrom"
						},
						"3.8333": {
							"post": [68.34556, -26.27808, -173.60232],
							"lerp_mode": "catmullrom"
						},
						"4.0": [95.0274, 5.97708, -179.47516]
					},
					"position": {
						"0.0": [-6.95, -6.1, 6.825],
						"0.375": [-6.95, -6.1, 6.825],
						"0.5417": {
							"pre": [-9.64, -3.41, 8.405],
							"post": [-9.64, -3.41, 8.405],
							"lerp_mode": "catmullrom"
						},
						"0.75": [-11.95, -1.1, 5.82],
						"0.7917": [-11.95, -1.1, 5.82],
						"0.9167": {
							"pre": [-11.95, 1.9, 5.82],
							"post": [-11.95, 1.9, 5.82],
							"lerp_mode": "catmullrom"
						},
						"1.125": [-12.95, -4.1, 5.82],
						"3.375": [-12.95, -4.1, 5.82],
						"3.4583": [-12.95, -4.1, 5.82],
						"3.5833": {
							"pre": [-10.95, 3.9, 6.82],
							"post": [-10.95, 3.9, 6.82],
							"lerp_mode": "catmullrom"
						},
						"3.7083": {
							"post": [-16.95, -14.1, 5.82],
							"lerp_mode": "catmullrom"
						},
						"3.8333": {
							"post": [-16.95, -16.475, 5.82],
							"lerp_mode": "catmullrom"
						},
						"4.0": [-6.95, -6.1, 6.825]
					},
					"scale": [1, 1.5, 1]
				},
				"constraint": {
					"rotation": [0.2, 0.2, 0.2],
					"position": [0.2, 0.2, 0.2]
				},
				"light_red_illuminated": {
					"scale": 0
				},
				"light_blue_illuminated": {
					"scale": 1
				},
				"root": {
					"rotation": {
						"0.0": [0, 0, 0],
						"0.125": {
							"pre": [-2.435, -0.6, 1.5025],
							"post": [-2.435, -0.6, 1.5025],
							"lerp_mode": "catmullrom"
						},
						"0.375": {
							"post": [-16.5875, -2.62, 11.8975],
							"lerp_mode": "catmullrom"
						},
						"0.5": [-19.53112, -2.8236, 14.27574],
						"0.7917": [-19.53112, -2.8236, 14.27574],
						"0.9167": {
							"pre": [-19.57484, -2.48891, 15.21908],
							"post": [-19.57484, -2.48891, 15.21908],
							"lerp_mode": "catmullrom"
						},
						"1.125": [-19.55, -2.67, 14.71],
						"1.2083": [-19.46623, -2.21472, 13.6108],
						"1.3333": [-19.55037, -2.266, 14.61077],
						"1.5": {
							"pre": [-19.53072, -2.82759, 14.27498],
							"post": [-19.53072, -2.82759, 14.27498],
							"lerp_mode": "catmullrom"
						},
						"1.75": [-19.55037, -3.766, 14.61077],
						"1.7917": [-19.55037, -3.766, 14.61077],
						"1.9583": {
							"pre": [-19.02, -3.975, 16.5525],
							"post": [-19.02, -3.975, 16.5525],
							"lerp_mode": "catmullrom"
						},
						"2.2083": {
							"post": [-17.3275, -7.1275, 23.015],
							"lerp_mode": "catmullrom"
						},
						"2.5": [-16.05451, -8.20602, 24.28306],
						"3.2083": [-16.05, -8.21, 24.28],
						"3.375": {
							"pre": [-15.93961, -4.84542, 23.30942],
							"post": [-15.93961, -4.84542, 23.30942],
							"lerp_mode": "catmullrom"
						},
						"3.625": [-16.01252, -4.24889, 24.00131],
						"3.7083": {
							"pre": [-15.75591, -4.7974, 22.05966],
							"post": [-15.75591, -4.7974, 22.05966],
							"lerp_mode": "catmullrom"
						},
						"3.875": [-15.75591, -5.7974, 22.05966],
						"3.9167": [-15.75591, -5.7974, 22.05966],
						"4.25": {
							"pre": [-3.0625, -1.375, 3.3125],
							"post": [-3.0625, -1.375, 3.3125],
							"lerp_mode": "catmullrom"
						},
						"4.5": [0, 0, 0]
					},
					"position": {
						"0.0": [0, 0, 0],
						"0.1667": {
							"pre": [0, -1.42, 0.4825],
							"post": [0, -1.42, 0.4825],
							"lerp_mode": "catmullrom"
						},
						"0.375": {
							"post": [0, -0.75, 0.905],
							"lerp_mode": "catmullrom"
						},
						"0.5833": {
							"post": [0, -1, 1],
							"lerp_mode": "catmullrom"
						},
						"1.0": [0, -0.875, 1],
						"1.3333": {
							"pre": [0, -0.995, 1],
							"post": [0, -0.995, 1],
							"lerp_mode": "catmullrom"
						},
						"1.7083": [0, -0.87, 1],
						"1.75": [0, -0.87, 1],
						"1.9167": {
							"pre": [0.2, -0.8825, 0.8625],
							"post": [0.2, -0.8825, 0.8625],
							"lerp_mode": "catmullrom"
						},
						"2.1667": {
							"post": [0.8125, -0.6675, 0.1875],
							"lerp_mode": "catmullrom"
						},
						"2.5": {
							"post": [1, -0.745, 0],
							"lerp_mode": "catmullrom"
						},
						"3.2083": [1, -0.62, 0],
						"3.3333": {
							"pre": [1, -0.745, 0],
							"post": [1, -0.745, 0],
							"lerp_mode": "catmullrom"
						},
						"3.625": [1, -0.745, 0],
						"3.7083": {
							"pre": [1, -0.87, 0],
							"post": [1, -0.87, 0],
							"lerp_mode": "catmullrom"
						},
						"3.875": [1, -0.87, 0],
						"3.9167": [1, -0.87, 0],
						"4.0417": {
							"pre": [0.62, -0.915, 0],
							"post": [0.62, -0.915, 0],
							"lerp_mode": "catmullrom"
						},
						"4.25": {
							"post": [0.125, 0, 0],
							"lerp_mode": "catmullrom"
						},
						"4.5": [0, 0, 0]
					}
				},
				"mag": {
					"rotation": {
						"1.125": [0, 0, 0],
						"1.2083": {
							"pre": [0, 0, 5],
							"post": [0, 0, 5],
							"lerp_mode": "catmullrom"
						},
						"1.3333": {
							"post": [0, 0, -2.5],
							"lerp_mode": "catmullrom"
						},
						"1.9167": [0, 90, -2.5],
						"2.5": [0, 90, -2.5],
						"2.6667": {
							"pre": [0, 74.335, -1.69],
							"post": [0, 74.335, -1.69],
							"lerp_mode": "catmullrom"
						},
						"2.8333": {
							"post": [0, 23.25, -0.83],
							"lerp_mode": "catmullrom"
						},
						"2.9583": {
							"post": [0, 1.8325, -0.37],
							"lerp_mode": "catmullrom"
						},
						"3.125": [0, 0, 0]
					},
					"position": {
						"1.125": [0, 0, 0],
						"1.2083": [0, 0, 0],
						"1.3333": [0, 0, 0],
						"1.6667": {
							"pre": [-6.5625, -5.71, 4.6875],
							"post": [-6.5625, -5.71, 4.6875],
							"lerp_mode": "catmullrom"
						},
						"1.9167": [-7, -10, 13],
						"2.5": [-7, -10, 13],
						"2.9167": {
							"pre": [-1.33, -2.5175, 1.705],
							"post": [-1.33, -2.5175, 1.705],
							"lerp_mode": "catmullrom"
						},
						"3.125": [0, 0, -3],
						"3.2083": [0, 0, -3],
						"3.2917": [0, 0, 0]
					}
				},
				"holder": {
					"rotation": {
						"0.7917": [0, 0, 0],
						"0.9167": [0, 0, 60],
						"3.625": [0, 0, 60],
						"3.6667": [0, 0, 0]
					}
				},
				"camera": {
					"rotation": {
						"0.0": {
							"post": [0, 0, 0],
							"lerp_mode": "catmullrom"
						},
						"0.1667": {
							"post": [0.5, 0, -0.5],
							"lerp_mode": "catmullrom"
						},
						"0.5": {
							"post": [-1, 0, 0],
							"lerp_mode": "catmullrom"
						},
						"1.125": {
							"post": [-1.16, 0, 0.03],
							"lerp_mode": "catmullrom"
						},
						"1.25": {
							"post": [-1.18, 0, -0.47],
							"lerp_mode": "catmullrom"
						},
						"1.375": {
							"post": [-1.16, 0, 0.02],
							"lerp_mode": "catmullrom"
						},
						"1.5417": {
							"post": [-1.15, 0, -0.2],
							"lerp_mode": "catmullrom"
						},
						"1.9167": {
							"post": [-1, 0, 0],
							"lerp_mode": "catmullrom"
						},
						"2.2917": {
							"post": [0, 0, -0.25],
							"lerp_mode": "catmullrom"
						},
						"2.625": {
							"post": [0.04, 0, 0.06],
							"lerp_mode": "catmullrom"
						},
						"3.2083": {
							"post": [0, 0, 0],
							"lerp_mode": "catmullrom"
						},
						"3.3333": {
							"post": [0.75, 0, -0.5],
							"lerp_mode": "catmullrom"
						},
						"3.4583": {
							"post": [0.75, 0, 0.5],
							"lerp_mode": "catmullrom"
						},
						"3.5833": {
							"post": [0, 0, -0.5],
							"lerp_mode": "catmullrom"
						},
						"3.75": {
							"post": [2, 1, 1.25],
							"lerp_mode": "catmullrom"
						},
						"4.0": {
							"post": [2, 1, 0],
							"lerp_mode": "catmullrom"
						},
						"4.2917": {
							"post": [0.2275, 0.125, 0],
							"lerp_mode": "catmullrom"
						},
						"4.5": {
							"post": [0, 0, 0],
							"lerp_mode": "catmullrom"
						}
					}
				}
			}
		},
		"reload_empty": {
			"animation_length": 4.5,
			"bones": {
				"left": {
					"rotation": {
						"0.0": [93.93084, -36.60888, -125.73555],
						"0.375": {
							"pre": [80.49334, -36.60888, -125.73555],
							"post": [80.49334, -36.60888, -125.73555],
							"lerp_mode": "catmullrom"
						},
						"0.7083": [78.93084, -36.60888, -125.73555],
						"4.0417": [78.93084, -36.60888, -125.73555],
						"4.1667": {
							"pre": [82.36, -36.61, -125.74],
							"post": [82.36, -36.61, -125.74],
							"lerp_mode": "catmullrom"
						},
						"4.3333": [93.93084, -36.60888, -125.73555]
					},
					"position": [7.03, -6.15, -8.57],
					"scale": [1, 1.5, 1]
				},
				"right": {
					"rotation": {
						"0.0": [95.0274, 5.97708, -179.47516],
						"0.375": [95.0274, 5.97708, -179.47516],
						"0.75": [103.22767, -9.68045, -168.7992],
						"0.7917": [103.22767, -9.68045, -168.7992],
						"0.9167": {
							"pre": [115.72767, -9.68045, -168.7992],
							"post": [115.72767, -9.68045, -168.7992],
							"lerp_mode": "catmullrom"
						},
						"1.125": [99.84074, -17.13619, -201.63704],
						"3.2083": [99.84, -17.14, -201.64],
						"3.2917": [100.34071, -24.52439, -203.04495],
						"3.375": [100.34071, -24.52439, -203.04495],
						"3.4583": [100.34071, -24.52439, -203.04495],
						"3.5833": {
							"pre": [155.45087, -4.18877, -195.81634],
							"post": [155.45087, -4.18877, -195.81634],
							"lerp_mode": "catmullrom"
						},
						"3.7083": {
							"post": [68.34556, -26.27808, -173.60232],
							"lerp_mode": "catmullrom"
						},
						"3.8333": {
							"post": [68.34556, -26.27808, -173.60232],
							"lerp_mode": "catmullrom"
						},
						"4.0": [95.0274, 5.97708, -179.47516]
					},
					"position": {
						"0.0": [-6.95, -6.1, 6.825],
						"0.375": [-6.95, -6.1, 6.825],
						"0.5417": {
							"pre": [-9.64, -3.41, 8.405],
							"post": [-9.64, -3.41, 8.405],
							"lerp_mode": "catmullrom"
						},
						"0.75": [-11.95, -1.1, 5.82],
						"0.7917": [-11.95, -1.1, 5.82],
						"0.9167": {
							"pre": [-11.95, 1.9, 5.82],
							"post": [-11.95, 1.9, 5.82],
							"lerp_mode": "catmullrom"
						},
						"1.125": [-12.95, -4.1, 5.82],
						"3.375": [-12.95, -4.1, 5.82],
						"3.4583": [-12.95, -4.1, 5.82],
						"3.5833": {
							"pre": [-10.95, 3.9, 6.82],
							"post": [-10.95, 3.9, 6.82],
							"lerp_mode": "catmullrom"
						},
						"3.7083": {
							"post": [-16.95, -14.1, 5.82],
							"lerp_mode": "catmullrom"
						},
						"3.8333": {
							"post": [-16.95, -16.475, 5.82],
							"lerp_mode": "catmullrom"
						},
						"4.0": [-6.95, -6.1, 6.825]
					},
					"scale": [1, 1.5, 1]
				},
				"constraint": {
					"rotation": [0.2, 0.2, 0.2],
					"position": [0.2, 0.2, 0.2]
				},
				"light_red_illuminated": {
					"scale": {
						"2.0": [1, 1, 1],
						"2.0417": [0, 0, 0]
					}
				},
				"light_blue_illuminated": {
					"scale": {
						"2.0": [0, 0, 0],
						"2.0417": [1, 1, 1]
					}
				},
				"root": {
					"rotation": {
						"0.0": [0, 0, 0],
						"0.125": {
							"pre": [-2.435, -0.6, 1.5025],
							"post": [-2.435, -0.6, 1.5025],
							"lerp_mode": "catmullrom"
						},
						"0.375": {
							"post": [-16.5875, -2.62, 11.8975],
							"lerp_mode": "catmullrom"
						},
						"0.5": [-19.53112, -2.8236, 14.27574],
						"0.7917": [-19.53112, -2.8236, 14.27574],
						"0.9167": {
							"pre": [-19.57484, -2.48891, 15.21908],
							"post": [-19.57484, -2.48891, 15.21908],
							"lerp_mode": "catmullrom"
						},
						"1.125": [-19.55, -2.67, 14.71],
						"1.2083": [-19.46623, -2.21472, 13.6108],
						"1.3333": [-19.55037, -2.266, 14.61077],
						"1.5": {
							"pre": [-19.53072, -2.82759, 14.27498],
							"post": [-19.53072, -2.82759, 14.27498],
							"lerp_mode": "catmullrom"
						},
						"1.75": [-19.55037, -3.766, 14.61077],
						"1.7917": [-19.55037, -3.766, 14.61077],
						"1.9583": {
							"pre": [-19.02, -3.975, 16.5525],
							"post": [-19.02, -3.975, 16.5525],
							"lerp_mode": "catmullrom"
						},
						"2.2083": {
							"post": [-17.3275, -7.1275, 23.015],
							"lerp_mode": "catmullrom"
						},
						"2.5": [-16.05451, -8.20602, 24.28306],
						"3.2083": [-16.05, -8.21, 24.28],
						"3.375": {
							"pre": [-15.93961, -4.84542, 23.30942],
							"post": [-15.93961, -4.84542, 23.30942],
							"lerp_mode": "catmullrom"
						},
						"3.625": [-16.01252, -4.24889, 24.00131],
						"3.7083": {
							"pre": [-15.75591, -4.7974, 22.05966],
							"post": [-15.75591, -4.7974, 22.05966],
							"lerp_mode": "catmullrom"
						},
						"3.875": [-15.75591, -5.7974, 22.05966],
						"3.9167": [-15.75591, -5.7974, 22.05966],
						"4.25": {
							"pre": [-3.0625, -1.375, 3.3125],
							"post": [-3.0625, -1.375, 3.3125],
							"lerp_mode": "catmullrom"
						},
						"4.5": [0, 0, 0]
					},
					"position": {
						"0.0": [0, 0, 0],
						"0.1667": {
							"pre": [0, -1.42, 0.4825],
							"post": [0, -1.42, 0.4825],
							"lerp_mode": "catmullrom"
						},
						"0.375": {
							"post": [0, -0.75, 0.905],
							"lerp_mode": "catmullrom"
						},
						"0.5833": {
							"post": [0, -1, 1],
							"lerp_mode": "catmullrom"
						},
						"1.0": [0, -0.875, 1],
						"1.3333": {
							"pre": [0, -0.995, 1],
							"post": [0, -0.995, 1],
							"lerp_mode": "catmullrom"
						},
						"1.7083": [0, -0.87, 1],
						"1.75": [0, -0.87, 1],
						"1.9167": {
							"pre": [0.2, -0.8825, 0.8625],
							"post": [0.2, -0.8825, 0.8625],
							"lerp_mode": "catmullrom"
						},
						"2.1667": {
							"post": [0.8125, -0.6675, 0.1875],
							"lerp_mode": "catmullrom"
						},
						"2.5": {
							"post": [1, -0.745, 0],
							"lerp_mode": "catmullrom"
						},
						"3.2083": [1, -0.62, 0],
						"3.3333": {
							"pre": [1, -0.745, 0],
							"post": [1, -0.745, 0],
							"lerp_mode": "catmullrom"
						},
						"3.625": [1, -0.745, 0],
						"3.7083": {
							"pre": [1, -0.87, 0],
							"post": [1, -0.87, 0],
							"lerp_mode": "catmullrom"
						},
						"3.875": [1, -0.87, 0],
						"3.9167": [1, -0.87, 0],
						"4.0417": {
							"pre": [0.62, -0.915, 0],
							"post": [0.62, -0.915, 0],
							"lerp_mode": "catmullrom"
						},
						"4.25": {
							"post": [0.125, 0, 0],
							"lerp_mode": "catmullrom"
						},
						"4.5": [0, 0, 0]
					}
				},
				"mag": {
					"rotation": {
						"1.125": [0, 0, 0],
						"1.2083": {
							"pre": [0, 0, 5],
							"post": [0, 0, 5],
							"lerp_mode": "catmullrom"
						},
						"1.3333": {
							"post": [0, 0, -2.5],
							"lerp_mode": "catmullrom"
						},
						"1.9167": [0, 90, -2.5],
						"2.5": [0, 90, -2.5],
						"2.6667": {
							"pre": [0, 74.335, -1.69],
							"post": [0, 74.335, -1.69],
							"lerp_mode": "catmullrom"
						},
						"2.8333": {
							"post": [0, 23.25, -0.83],
							"lerp_mode": "catmullrom"
						},
						"2.9583": {
							"post": [0, 1.8325, -0.37],
							"lerp_mode": "catmullrom"
						},
						"3.125": [0, 0, 0]
					},
					"position": {
						"1.125": [0, 0, 0],
						"1.2083": [0, 0, 0],
						"1.3333": [0, 0, 0],
						"1.6667": {
							"pre": [-6.5625, -5.71, 4.6875],
							"post": [-6.5625, -5.71, 4.6875],
							"lerp_mode": "catmullrom"
						},
						"1.9167": [-7, -10, 13],
						"2.5": [-7, -10, 13],
						"2.9167": {
							"pre": [-1.33, -2.5175, 1.705],
							"post": [-1.33, -2.5175, 1.705],
							"lerp_mode": "catmullrom"
						},
						"3.125": [0, 0, -3],
						"3.2083": [0, 0, -3],
						"3.2917": [0, 0, 0]
					}
				},
				"holder": {
					"rotation": {
						"0.7917": [0, 0, 0],
						"0.9167": [0, 0, 60],
						"3.625": [0, 0, 60],
						"3.6667": [0, 0, 0]
					}
				},
				"camera": {
					"rotation": {
						"0.0": {
							"post": [0, 0, 0],
							"lerp_mode": "catmullrom"
						},
						"0.1667": {
							"post": [0.5, 0, -0.5],
							"lerp_mode": "catmullrom"
						},
						"0.5": {
							"post": [-1, 0, 0],
							"lerp_mode": "catmullrom"
						},
						"1.125": {
							"post": [-1.16, 0, 0.03],
							"lerp_mode": "catmullrom"
						},
						"1.25": {
							"post": [-1.18, 0, -0.47],
							"lerp_mode": "catmullrom"
						},
						"1.375": {
							"post": [-1.16, 0, 0.02],
							"lerp_mode": "catmullrom"
						},
						"1.5417": {
							"post": [-1.15, 0, -0.2],
							"lerp_mode": "catmullrom"
						},
						"1.9167": {
							"post": [-1, 0, 0],
							"lerp_mode": "catmullrom"
						},
						"2.2917": {
							"post": [0, 0, -0.25],
							"lerp_mode": "catmullrom"
						},
						"2.625": {
							"post": [0.04, 0, 0.06],
							"lerp_mode": "catmullrom"
						},
						"3.2083": {
							"post": [0, 0, 0],
							"lerp_mode": "catmullrom"
						},
						"3.3333": {
							"post": [0.75, 0, -0.5],
							"lerp_mode": "catmullrom"
						},
						"3.4583": {
							"post": [0.75, 0, 0.5],
							"lerp_mode": "catmullrom"
						},
						"3.5833": {
							"post": [0, 0, -0.5],
							"lerp_mode": "catmullrom"
						},
						"3.75": {
							"post": [2, 1, 1.25],
							"lerp_mode": "catmullrom"
						},
						"4.0": {
							"post": [2, 1, 0],
							"lerp_mode": "catmullrom"
						},
						"4.2917": {
							"post": [0.2275, 0.125, 0],
							"lerp_mode": "catmullrom"
						},
						"4.5": {
							"post": [0, 0, 0],
							"lerp_mode": "catmullrom"
						}
					}
				}
			}
		},
		"inspect": {
			"animation_length": 7.4167,
			"bones": {
				"left": {
					"rotation": {
						"0.0": [93.93084, -36.60888, -125.73555],
						"2.6667": [93.93084, -36.60888, -125.73555],
						"2.7083": [93.93084, -36.60888, -125.73555],
						"2.9583": {
							"pre": [61.85479, -75.66215, -103.52302],
							"post": [61.85479, -75.66215, -103.52302],
							"lerp_mode": "catmullrom"
						},
						"3.25": {
							"post": [61.85479, -75.66215, -103.52302],
							"lerp_mode": "catmullrom"
						},
						"3.75": [38.00232, -40.46059, -175.48217],
						"5.8333": [38.00232, -40.46059, -175.48217],
						"6.1667": [62.45075, -56.85555, -135.60279],
						"6.5833": [62.45075, -56.85555, -135.60279],
						"6.7917": [93.93084, -36.60888, -125.73555]
					},
					"position": {
						"0.0": [7.03, -6.15, -8.57],
						"2.7083": {
							"pre": [7.03, -6.15, -8.57],
							"post": [7.03, -6.15, -8.57],
							"lerp_mode": "catmullrom"
						},
						"2.8333": {
							"post": [6.725, -6.595, -7.9875],
							"lerp_mode": "catmullrom"
						},
						"2.9583": {
							"post": [6.6, -6.9, -7.3875],
							"lerp_mode": "catmullrom"
						},
						"3.2917": {
							"post": [6.6, -6.9, -7.2],
							"lerp_mode": "catmullrom"
						},
						"3.7917": [6.9, -6.9, -7.2],
						"5.8333": [6.9, -6.9, -7.2],
						"6.0": [7.30036, -6.75, -6.94396],
						"6.1667": [6.98957, -7.30604, -7.2843],
						"6.5833": [6.98957, -7.30604, -7.2843],
						"6.7917": [7.03, -6.15, -8.57]
					},
					"scale": [1, 1.5, 1]
				},
				"right": {
					"rotation": {
						"0.0": [95.0274, 5.97708, -179.47516],
						"2.25": {
							"pre": [102, 7, -178],
							"post": [102, 7, -178],
							"lerp_mode": "catmullrom"
						},
						"2.7083": {
							"post": [178.72133, 41.61662, -224.11388],
							"lerp_mode": "catmullrom"
						},
						"3.0417": [179.42365, -0.62745, -250.42289],
						"3.25": [179.42365, -0.62745, -250.42289],
						"5.9167": [179.42365, -0.62745, -250.42289],
						"6.0417": {
							"pre": [147.60025, 9.61719, -234.04019],
							"post": [147.60025, 9.61719, -234.04019],
							"lerp_mode": "catmullrom"
						},
						"6.2917": [95.0274, 5.97708, -179.47516]
					},
					"position": {
						"0.0": [-6.95, -6.1, 6.825],
						"2.3333": [-6.95, -6.1, 6.825],
						"2.5417": {
							"pre": [-7.305, -6.04, 8.57],
							"post": [-7.305, -6.04, 8.57],
							"lerp_mode": "catmullrom"
						},
						"2.7917": {
							"post": [-7.65, -5.8, 9.7],
							"lerp_mode": "catmullrom"
						},
						"3.125": [-7.47358, -5.4647, 10.01922],
						"3.3333": [-7.47358, -5.4647, 10.01922],
						"5.9167": [-7.47358, -5.4647, 10.01922],
						"6.0417": {
							"pre": [-7.12495, -7.37116, 9.32939],
							"post": [-7.12495, -7.37116, 9.32939],
							"lerp_mode": "catmullrom"
						},
						"6.2917": [-6.95, -6.1, 6.825]
					},
					"scale": [1, 1.5, 1]
				},
				"constraint": {
					"rotation": [0.2, 0.2, 0.2],
					"position": [0.2, 0.2, 0.2]
				},
				"light_red_illuminated": {
					"scale": 0
				},
				"light_blue_illuminated": {
					"scale": 1
				},
				"root": {
					"rotation": {
						"0.0": {
							"post": [0, 0, 0],
							"lerp_mode": "catmullrom"
						},
						"0.1667": {
							"post": [-1.61, -3.08, -1.75],
							"lerp_mode": "catmullrom"
						},
						"0.3333": {
							"post": [-9.19, -8.21, -4.66],
							"lerp_mode": "catmullrom"
						},
						"0.5417": {
							"post": [-14.23, -11.29, -6.4],
							"lerp_mode": "catmullrom"
						},
						"0.7917": {
							"post": [-12.94548, -12.31787, -6.98358],
							"lerp_mode": "catmullrom"
						},
						"1.4167": {
							"post": [-13.15, -12.06, -7.2],
							"lerp_mode": "catmullrom"
						},
						"1.6667": {
							"post": [-12.75419, -12.47811, -9.75425],
							"lerp_mode": "catmullrom"
						},
						"2.25": {
							"post": [-13.16, -12, -10.22],
							"lerp_mode": "catmullrom"
						},
						"2.4167": {
							"post": [-12.75419, -13.55311, -9.17925],
							"lerp_mode": "catmullrom"
						},
						"2.7083": {
							"post": [-6.25148, -19.99077, -3.06681],
							"lerp_mode": "catmullrom"
						},
						"2.8333": {
							"post": [-2.55, -22.54, -1.16],
							"lerp_mode": "catmullrom"
						},
						"3.0": {
							"post": [-4.84258, -24.2844, 0.40348],
							"lerp_mode": "catmullrom"
						},
						"3.1667": {
							"post": [-8.09, -28.48, 0.48],
							"lerp_mode": "catmullrom"
						},
						"3.25": {
							"post": [-12.33, -30.37, 11.57],
							"lerp_mode": "catmullrom"
						},
						"3.4583": {
							"post": [-33.63011, -25.99467, 50.89006],
							"lerp_mode": "catmullrom"
						},
						"3.7083": {
							"post": [-60.34243, -12.82112, 79.46321],
							"lerp_mode": "catmullrom"
						},
						"3.9167": {
							"post": [-61.08353, 0.18693, 88.7542],
							"lerp_mode": "catmullrom"
						},
						"4.0": {
							"post": [-61.16, 3.525, 89.63],
							"lerp_mode": "catmullrom"
						},
						"4.2083": {
							"post": [-61.14, 3.495, 89.34],
							"lerp_mode": "catmullrom"
						},
						"4.5": {
							"post": [-61.06659, 4.22455, 88.99662],
							"lerp_mode": "catmullrom"
						},
						"4.75": {
							"post": [-60.84434, 9.51166, 92.2897],
							"lerp_mode": "catmullrom"
						},
						"5.2083": {
							"post": [-61.14, 8.645, 93.54],
							"lerp_mode": "catmullrom"
						},
						"5.4583": {
							"post": [-61.34, 9.475, 94.1],
							"lerp_mode": "catmullrom"
						},
						"5.7083": {
							"post": [-61.46, 9.28, 94.09],
							"lerp_mode": "catmullrom"
						},
						"5.8333": {
							"post": [-61.05432, 2.76394, 86.19303],
							"lerp_mode": "catmullrom"
						},
						"6.0833": {
							"post": [-54.63197, -28.00485, 53.619],
							"lerp_mode": "catmullrom"
						},
						"6.25": {
							"post": [-51.23302, -39.23644, 43.28921],
							"lerp_mode": "catmullrom"
						},
						"6.4167": {
							"post": [-48.79426, -39.47644, 40.50857],
							"lerp_mode": "catmullrom"
						},
						"6.5417": {
							"post": [-35.49987, -32.42384, 30.55602],
							"lerp_mode": "catmullrom"
						},
						"6.7917": {
							"post": [-3.80307, -18.50954, 17.4678],
							"lerp_mode": "catmullrom"
						},
						"7.0": {
							"post": [0, -1.25, 1.25],
							"lerp_mode": "catmullrom"
						},
						"7.1667": {
							"post": [0.33183, 0.4113, -0.15872],
							"lerp_mode": "catmullrom"
						},
						"7.25": {
							"post": [0, 0, -1.5],
							"lerp_mode": "catmullrom"
						},
						"7.3333": {
							"post": [0, 0, 0],
							"lerp_mode": "catmullrom"
						}
					},
					"position": {
						"0.0": {
							"post": [0, 0, 0],
							"lerp_mode": "catmullrom"
						},
						"0.2083": {
							"post": [0.2, -0.16, 0],
							"lerp_mode": "catmullrom"
						},
						"0.4167": {
							"post": [0.65, 0.92, 0],
							"lerp_mode": "catmullrom"
						},
						"0.5417": {
							"post": [0.78, 0.94, 0],
							"lerp_mode": "catmullrom"
						},
						"0.6667": {
							"post": [0.775, 0.36, 0],
							"lerp_mode": "catmullrom"
						},
						"0.7917": {
							"post": [0.725, 0.425, 0],
							"lerp_mode": "catmullrom"
						},
						"0.9583": {
							"post": [0.72, 0.425, 0],
							"lerp_mode": "catmullrom"
						},
						"1.4167": {
							"post": [0.72, 0.47, 0],
							"lerp_mode": "catmullrom"
						},
						"2.4167": {
							"post": [0.72, 0.43, 0],
							"lerp_mode": "catmullrom"
						},
						"2.7083": {
							"post": [0.72, -0.87, 0],
							"lerp_mode": "catmullrom"
						},
						"2.9583": {
							"post": [0.545, -0.87, -0.6],
							"lerp_mode": "catmullrom"
						},
						"3.25": {
							"post": [0.53, -0.71, -0.64],
							"lerp_mode": "catmullrom"
						},
						"3.4583": {
							"post": [0.53, -0.475, -1.2425],
							"lerp_mode": "catmullrom"
						},
						"3.6667": {
							"post": [1.64, 1.33, -1.7625],
							"lerp_mode": "catmullrom"
						},
						"3.875": {
							"post": [1.64, 1.63, -2],
							"lerp_mode": "catmullrom"
						},
						"5.7917": {
							"post": [1.64, 1.63, -2],
							"lerp_mode": "catmullrom"
						},
						"5.9583": {
							"post": [1.64, 0.02, -1.71],
							"lerp_mode": "catmullrom"
						},
						"6.1667": {
							"post": [1.64, -0.2, -1.52],
							"lerp_mode": "catmullrom"
						},
						"6.375": {
							"post": [1.64, -0.67, -1.4],
							"lerp_mode": "catmullrom"
						},
						"6.5": {
							"post": [1.39, -0.35, -1.2325],
							"lerp_mode": "catmullrom"
						},
						"6.7917": {
							"post": [0.82, -2.26, 0.1225],
							"lerp_mode": "catmullrom"
						},
						"7.1667": {
							"post": [-0.025, -0.225, 0.6],
							"lerp_mode": "catmullrom"
						},
						"7.2917": {
							"post": [0, 0, -0.025],
							"lerp_mode": "catmullrom"
						},
						"7.4167": {
							"post": [0, 0, 0],
							"lerp_mode": "catmullrom"
						}
					}
				},
				"camera": {
					"rotation": {
						"0.0": {
							"post": [0, 0, 0],
							"lerp_mode": "catmullrom"
						},
						"0.4583": {
							"post": [-1.5, 0, 0.75],
							"lerp_mode": "catmullrom"
						},
						"0.875": {
							"post": [-1, 0, 0],
							"lerp_mode": "catmullrom"
						},
						"1.5417": {
							"post": [-1, 0, 0],
							"lerp_mode": "catmullrom"
						},
						"2.2917": {
							"post": [-1.25, 0, 0],
							"lerp_mode": "catmullrom"
						},
						"2.9583": {
							"post": [-0.75, 0, -0.5],
							"lerp_mode": "catmullrom"
						},
						"3.7083": {
							"post": [-1, 0, 0.5],
							"lerp_mode": "catmullrom"
						},
						"4.125": {
							"post": [0.5, 0, -0.25],
							"lerp_mode": "catmullrom"
						},
						"5.875": {
							"post": [-0.5, 0, 0],
							"lerp_mode": "catmullrom"
						},
						"6.5": {
							"post": [0.2525, 0, -0.25],
							"lerp_mode": "catmullrom"
						},
						"7.4167": {
							"post": [0, 0, 0],
							"lerp_mode": "catmullrom"
						}
					}
				}
			}
		},
		"inspect_empty": {
			"animation_length": 7.4167,
			"bones": {
				"left": {
					"rotation": {
						"0.0": [93.93084, -36.60888, -125.73555],
						"2.6667": [93.93084, -36.60888, -125.73555],
						"2.7083": [93.93084, -36.60888, -125.73555],
						"2.9583": {
							"pre": [61.85479, -75.66215, -103.52302],
							"post": [61.85479, -75.66215, -103.52302],
							"lerp_mode": "catmullrom"
						},
						"3.25": {
							"post": [61.85479, -75.66215, -103.52302],
							"lerp_mode": "catmullrom"
						},
						"3.75": [38.00232, -40.46059, -175.48217],
						"5.8333": [38.00232, -40.46059, -175.48217],
						"6.1667": [62.45075, -56.85555, -135.60279],
						"6.5833": [62.45075, -56.85555, -135.60279],
						"6.7917": [93.93084, -36.60888, -125.73555]
					},
					"position": {
						"0.0": [7.03, -6.15, -8.57],
						"2.7083": {
							"pre": [7.03, -6.15, -8.57],
							"post": [7.03, -6.15, -8.57],
							"lerp_mode": "catmullrom"
						},
						"2.8333": {
							"post": [6.725, -6.595, -7.9875],
							"lerp_mode": "catmullrom"
						},
						"2.9583": {
							"post": [6.6, -6.9, -7.3875],
							"lerp_mode": "catmullrom"
						},
						"3.2917": {
							"post": [6.6, -6.9, -7.2],
							"lerp_mode": "catmullrom"
						},
						"3.7917": [6.9, -6.9, -7.2],
						"5.8333": [6.9, -6.9, -7.2],
						"6.0": [7.30036, -6.75, -6.94396],
						"6.1667": [6.98957, -7.30604, -7.2843],
						"6.5833": [6.98957, -7.30604, -7.2843],
						"6.7917": [7.03, -6.15, -8.57]
					},
					"scale": [1, 1.5, 1]
				},
				"right": {
					"rotation": {
						"0.0": [95.0274, 5.97708, -179.47516],
						"2.25": {
							"pre": [102, 7, -178],
							"post": [102, 7, -178],
							"lerp_mode": "catmullrom"
						},
						"2.7083": {
							"post": [178.72133, 41.61662, -224.11388],
							"lerp_mode": "catmullrom"
						},
						"3.0417": [179.42365, -0.62745, -250.42289],
						"3.25": [179.42365, -0.62745, -250.42289],
						"5.9167": [179.42365, -0.62745, -250.42289],
						"6.0417": {
							"pre": [147.60025, 9.61719, -234.04019],
							"post": [147.60025, 9.61719, -234.04019],
							"lerp_mode": "catmullrom"
						},
						"6.2917": [95.0274, 5.97708, -179.47516]
					},
					"position": {
						"0.0": [-6.95, -6.1, 6.825],
						"2.3333": [-6.95, -6.1, 6.825],
						"2.5417": {
							"pre": [-7.305, -6.04, 8.57],
							"post": [-7.305, -6.04, 8.57],
							"lerp_mode": "catmullrom"
						},
						"2.7917": {
							"post": [-7.65, -5.8, 9.7],
							"lerp_mode": "catmullrom"
						},
						"3.125": [-7.47358, -5.4647, 10.01922],
						"3.3333": [-7.47358, -5.4647, 10.01922],
						"5.9167": [-7.47358, -5.4647, 10.01922],
						"6.0417": {
							"pre": [-7.12495, -7.37116, 9.32939],
							"post": [-7.12495, -7.37116, 9.32939],
							"lerp_mode": "catmullrom"
						},
						"6.2917": [-6.95, -6.1, 6.825]
					},
					"scale": [1, 1.5, 1]
				},
				"constraint": {
					"rotation": [0.2, 0.2, 0.2],
					"position": [0.2, 0.2, 0.2]
				},
				"light_red_illuminated": {
					"scale": 1
				},
				"light_blue_illuminated": {
					"scale": 0
				},
				"root": {
					"rotation": {
						"0.0": {
							"post": [0, 0, 0],
							"lerp_mode": "catmullrom"
						},
						"0.1667": {
							"post": [-1.61, -3.08, -1.75],
							"lerp_mode": "catmullrom"
						},
						"0.3333": {
							"post": [-9.19, -8.21, -4.66],
							"lerp_mode": "catmullrom"
						},
						"0.5417": {
							"post": [-14.23, -11.29, -6.4],
							"lerp_mode": "catmullrom"
						},
						"0.7917": {
							"post": [-12.94548, -12.31787, -6.98358],
							"lerp_mode": "catmullrom"
						},
						"1.4167": {
							"post": [-13.15, -12.06, -7.2],
							"lerp_mode": "catmullrom"
						},
						"1.6667": {
							"post": [-12.75419, -12.47811, -9.75425],
							"lerp_mode": "catmullrom"
						},
						"2.25": {
							"post": [-13.16, -12, -10.22],
							"lerp_mode": "catmullrom"
						},
						"2.4167": {
							"post": [-12.75419, -13.55311, -9.17925],
							"lerp_mode": "catmullrom"
						},
						"2.7083": {
							"post": [-6.25148, -19.99077, -3.06681],
							"lerp_mode": "catmullrom"
						},
						"2.8333": {
							"post": [-2.55, -22.54, -1.16],
							"lerp_mode": "catmullrom"
						},
						"3.0": {
							"post": [-4.84258, -24.2844, 0.40348],
							"lerp_mode": "catmullrom"
						},
						"3.1667": {
							"post": [-8.09, -28.48, 0.48],
							"lerp_mode": "catmullrom"
						},
						"3.25": {
							"post": [-12.33, -30.37, 11.57],
							"lerp_mode": "catmullrom"
						},
						"3.4583": {
							"post": [-33.63011, -25.99467, 50.89006],
							"lerp_mode": "catmullrom"
						},
						"3.7083": {
							"post": [-60.34243, -12.82112, 79.46321],
							"lerp_mode": "catmullrom"
						},
						"3.9167": {
							"post": [-61.08353, 0.18693, 88.7542],
							"lerp_mode": "catmullrom"
						},
						"4.0": {
							"post": [-61.16, 3.525, 89.63],
							"lerp_mode": "catmullrom"
						},
						"4.2083": {
							"post": [-61.14, 3.495, 89.34],
							"lerp_mode": "catmullrom"
						},
						"4.5": {
							"post": [-61.06659, 4.22455, 88.99662],
							"lerp_mode": "catmullrom"
						},
						"4.75": {
							"post": [-60.84434, 9.51166, 92.2897],
							"lerp_mode": "catmullrom"
						},
						"5.2083": {
							"post": [-61.14, 8.645, 93.54],
							"lerp_mode": "catmullrom"
						},
						"5.4583": {
							"post": [-61.34, 9.475, 94.1],
							"lerp_mode": "catmullrom"
						},
						"5.7083": {
							"post": [-61.46, 9.28, 94.09],
							"lerp_mode": "catmullrom"
						},
						"5.8333": {
							"post": [-61.05432, 2.76394, 86.19303],
							"lerp_mode": "catmullrom"
						},
						"6.0833": {
							"post": [-54.63197, -28.00485, 53.619],
							"lerp_mode": "catmullrom"
						},
						"6.25": {
							"post": [-51.23302, -39.23644, 43.28921],
							"lerp_mode": "catmullrom"
						},
						"6.4167": {
							"post": [-48.79426, -39.47644, 40.50857],
							"lerp_mode": "catmullrom"
						},
						"6.5417": {
							"post": [-35.49987, -32.42384, 30.55602],
							"lerp_mode": "catmullrom"
						},
						"6.7917": {
							"post": [-3.80307, -18.50954, 17.4678],
							"lerp_mode": "catmullrom"
						},
						"7.0": {
							"post": [0, -1.25, 1.25],
							"lerp_mode": "catmullrom"
						},
						"7.1667": {
							"post": [0.33183, 0.4113, -0.15872],
							"lerp_mode": "catmullrom"
						},
						"7.25": {
							"post": [0, 0, -1.5],
							"lerp_mode": "catmullrom"
						},
						"7.3333": {
							"post": [0, 0, 0],
							"lerp_mode": "catmullrom"
						}
					},
					"position": {
						"0.0": {
							"post": [0, 0, 0],
							"lerp_mode": "catmullrom"
						},
						"0.2083": {
							"post": [0.2, -0.16, 0],
							"lerp_mode": "catmullrom"
						},
						"0.4167": {
							"post": [0.65, 0.92, 0],
							"lerp_mode": "catmullrom"
						},
						"0.5417": {
							"post": [0.78, 0.94, 0],
							"lerp_mode": "catmullrom"
						},
						"0.6667": {
							"post": [0.775, 0.36, 0],
							"lerp_mode": "catmullrom"
						},
						"0.7917": {
							"post": [0.725, 0.425, 0],
							"lerp_mode": "catmullrom"
						},
						"0.9583": {
							"post": [0.72, 0.425, 0],
							"lerp_mode": "catmullrom"
						},
						"1.4167": {
							"post": [0.72, 0.47, 0],
							"lerp_mode": "catmullrom"
						},
						"2.4167": {
							"post": [0.72, 0.43, 0],
							"lerp_mode": "catmullrom"
						},
						"2.7083": {
							"post": [0.72, -0.87, 0],
							"lerp_mode": "catmullrom"
						},
						"2.9583": {
							"post": [0.545, -0.87, -0.6],
							"lerp_mode": "catmullrom"
						},
						"3.25": {
							"post": [0.53, -0.71, -0.64],
							"lerp_mode": "catmullrom"
						},
						"3.4583": {
							"post": [0.53, -0.475, -1.2425],
							"lerp_mode": "catmullrom"
						},
						"3.6667": {
							"post": [1.64, 1.33, -1.7625],
							"lerp_mode": "catmullrom"
						},
						"3.875": {
							"post": [1.64, 1.63, -2],
							"lerp_mode": "catmullrom"
						},
						"5.7917": {
							"post": [1.64, 1.63, -2],
							"lerp_mode": "catmullrom"
						},
						"5.9583": {
							"post": [1.64, 0.02, -1.71],
							"lerp_mode": "catmullrom"
						},
						"6.1667": {
							"post": [1.64, -0.2, -1.52],
							"lerp_mode": "catmullrom"
						},
						"6.375": {
							"post": [1.64, -0.67, -1.4],
							"lerp_mode": "catmullrom"
						},
						"6.5": {
							"post": [1.39, -0.35, -1.2325],
							"lerp_mode": "catmullrom"
						},
						"6.7917": {
							"post": [0.82, -2.26, 0.1225],
							"lerp_mode": "catmullrom"
						},
						"7.1667": {
							"post": [-0.025, -0.225, 0.6],
							"lerp_mode": "catmullrom"
						},
						"7.2917": {
							"post": [0, 0, -0.025],
							"lerp_mode": "catmullrom"
						},
						"7.4167": {
							"post": [0, 0, 0],
							"lerp_mode": "catmullrom"
						}
					}
				},
				"camera": {
					"rotation": {
						"0.0": {
							"post": [0, 0, 0],
							"lerp_mode": "catmullrom"
						},
						"0.4583": {
							"post": [-1.5, 0, 0.75],
							"lerp_mode": "catmullrom"
						},
						"0.875": {
							"post": [-1, 0, 0],
							"lerp_mode": "catmullrom"
						},
						"1.5417": {
							"post": [-1, 0, 0],
							"lerp_mode": "catmullrom"
						},
						"2.2917": {
							"post": [-1.25, 0, 0],
							"lerp_mode": "catmullrom"
						},
						"2.9583": {
							"post": [-0.75, 0, -0.5],
							"lerp_mode": "catmullrom"
						},
						"3.7083": {
							"post": [-1, 0, 0.5],
							"lerp_mode": "catmullrom"
						},
						"4.125": {
							"post": [0.5, 0, -0.25],
							"lerp_mode": "catmullrom"
						},
						"5.875": {
							"post": [-0.5, 0, 0],
							"lerp_mode": "catmullrom"
						},
						"6.5": {
							"post": [0.2525, 0, -0.25],
							"lerp_mode": "catmullrom"
						},
						"7.4167": {
							"post": [0, 0, 0],
							"lerp_mode": "catmullrom"
						}
					}
				}
			}
		}
	}
}