{
    "model": "applied_armorer:gun/moritz_shotgun_sg914_geo",
    "texture": "applied_armorer:gun/uv/moritz_shotgun_sg914",
    "lod": {
        "model": "applied_armorer:gun/lod/moritz_shotgun_sg914_lod",
        "texture": "applied_armorer:gun/lod/moritz_shotgun_sg914_lod"
    },
    "hud": "applied_armorer:gun/hud/moritz_shotgun_sg914",
    "slot": "applied_armorer:gun/slot/moritz_shotgun_sg914",
    "animation": "applied_armorer:moritz_shotgun_sg914",
    "use_default_animation": "rifle",
    "third_person_animation": "default",
    "transform": {
        "scale": {
            "thirdperson": [
                0.6,
                0.6,
                0.6
            ],
            "ground": [
                0.6,
                0.6,
                0.6
            ],
            "fixed": [
                1.2,
                1.2,
                1.2
            ]
        }
    },
    "muzzle_flash": {
        "texture": "applied_armorer:misc/blue_pixel_muzzle_flash",
        "scale": 1.5
    },
    "shell": {
        "initial_velocity": [5, 2, 1],
        "random_velocity": [1, 1, 0.25],
        "acceleration": [0.0, -10, 0.0],
        "angular_velocity": [360, -1200, 90],
        "living_time": 1.0
    },
    "sounds": {
        "shoot": "applied_armorer:moritz_shotgun_sg914/moritz_shotgun_sg914_shoot",
        "shoot_3p": "applied_armorer:moritz_shotgun_sg914/moritz_shotgun_sg914_shoot",
        "reload_empty": "applied_armorer:moritz_shotgun_sg914/moritz_shotgun_sg914_reload_empty",
        "reload_tactical": "applied_armorer:moritz_shotgun_sg914/moritz_shotgun_sg914_reload_tactical",
        "inspect": "applied_armorer:moritz_shotgun_sg914/moritz_shotgun_sg914_inspect",
        "inspect_empty": "applied_armorer:moritz_shotgun_sg914/moritz_shotgun_sg914_inspect",
        "draw": "applied_armorer:moritz_shotgun_sg914/moritz_shotgun_sg914_draw",
        "dry_fire": "applied_armorer:misc/en_dry_fire",
        "put_away": "applied_armorer:moritz_shotgun_sg914/moritz_shotgun_sg914_put_away",
        "silence": "applied_armorer:moritz_shotgun_sg914/moritz_shotgun_sg914_silence",
        "fire_select": "applied_armorer:misc/select_mode",
        "silence_3p": "applied_armorer:moritz_shotgun_sg914/moritz_shotgun_sg914_silence",
        "flesh_hit": "applied_armorer:misc/flesh_hit",
        "head_hit": "applied_armorer:misc/head_hit",
        "kill": "applied_armorer:misc/kill"
    }
}