{
    "model": "applied_armorer:gun/niklas_pistol_semi_right_geo",
    "texture": "applied_armorer:gun/uv/niklas_pistol_semi_right",
    "lod": {
        "model": "applied_armorer:gun/lod/niklas_pistol_semi_right_lod",
        "texture": "applied_armorer:gun/lod/niklas_pistol_semi_right_lod"
    },
    "hud": "applied_armorer:gun/hud/niklas_pistol_semi_right",
    "slot": "applied_armorer:gun/slot/niklas_pistol_semi_right",
    "animation": "applied_armorer:niklas_pistol_semi_right",
    "use_default_animation": "pistol",
    "third_person_animation": "default",
    "transform": {
        "scale": {
            "thirdperson": [
                0.6,
                0.6,
                0.6
            ],
            "ground": [
                0.6,
                0.6,
                0.6
            ],
            "fixed": [
                1.2,
                1.2,
                1.2
            ]
        }
    },
    "shell": {
        "initial_velocity": [8.0, 5.0, -0.5],
        "random_velocity": [2.5, 1.5, 0.25],
        "acceleration": [0.0, -20, 0.0],
        "angular_velocity": [360, -720, 90],
        "living_time": 1.0
    },
    "muzzle_flash": {
        "texture": "applied_armorer:misc/blue_pixel_muzzle_flash",
        "scale": 1
    },
    "sounds": {
        "shoot": "applied_armorer:niklas_pistol_semi_right/niklas_pistol_semi_right_shoot",
        "shoot_3p": "applied_armorer:niklas_pistol_semi_right/niklas_pistol_semi_right_shoot",
        "reload_empty": "applied_armorer:niklas_pistol_semi_right/niklas_pistol_semi_right_reload_empty",
        "reload_tactical": "applied_armorer:niklas_pistol_semi_right/niklas_pistol_semi_right_reload_tactical",
        "inspect": "applied_armorer:niklas_pistol_semi_right/niklas_pistol_semi_right_inspect",
        "inspect_empty": "applied_armorer:niklas_pistol_semi_right/niklas_pistol_semi_right_inspect_empty",
        "draw": "applied_armorer:niklas_pistol_semi_right/niklas_pistol_semi_right_draw",
        "dry_fire": "applied_armorer:misc/en_dry_fire",
        "put_away": "applied_armorer:niklas_pistol_semi_right/niklas_pistol_semi_right_put_away",
        "silence": "applied_armorer:niklas_pistol_semi_right/niklas_pistol_semi_right_silence",
        "fire_select": "applied_armorer:misc/select_mode",
        "silence_3p": "applied_armorer:niklas_pistol_semi_right/niklas_pistol_semi_right_silence",
        "flesh_hit": "applied_armorer:misc/flesh_hit",
        "head_hit": "applied_armorer:misc/head_hit",
        "kill": "applied_armorer:misc/kill"
    }
}