{
	"format_version": "1.12.0",
	"minecraft:geometry": [
		{
			"description": {
				"identifier": "geometry.unknown",
				"texture_width": 64,
				"texture_height": 64,
				"visible_bounds_width": 4,
				"visible_bounds_height": 2.5,
				"visible_bounds_offset": [0, 0.75, 0]
			},
			"bones": [
				{
					"name": "root",
					"pivot": [0.00625, 3.875, 1.275]
				},
				{
					"name": "mag_and_lefthand",
					"parent": "root",
					"pivot": [0.125, 1.6, 2.725]
				},
				{
					"name": "lefthand",
					"parent": "mag_and_lefthand",
					"pivot": [-6, 19, -4]
				},
				{
					"name": "lefthand_pos",
					"parent": "lefthand",
					"pivot": [0, 8, -4],
					"cubes": [
						{
							"origin": [-8, 8, -6],
							"size": [4, 12, 4],
							"uv": {
								"north": {"uv": [1.5, 0], "uv_size": [0.5, 1.5]},
								"east": {"uv": [0.5, 1.5], "uv_size": [0.5, 1.5]},
								"south": {"uv": [1, 1.5], "uv_size": [0.5, 1.5]},
								"west": {"uv": [1.5, 1.5], "uv_size": [0.5, 1.5]},
								"up": {"uv": [2, 1], "uv_size": [0.5, 0.5]},
								"down": {"uv": [2, 2], "uv_size": [0.5, -0.5]}
							}
						}
					]
				},
				{
					"name": "mag_and_bullet",
					"parent": "mag_and_lefthand",
					"pivot": [0.125, 1.6, 2.725]
				},
				{
					"name": "bullet",
					"parent": "mag_and_bullet",
					"pivot": [0.00417, 6.0135, 0.74867],
					"cubes": [
						{
							"origin": [-0.21875, 5.28125, 1.375],
							"size": [0.42188, 0.4375, 0.125],
							"pivot": [0, 5.5, 0.5],
							"rotation": [0, 0, 45],
							"uv": {
								"north": {"uv": [43, 8], "uv_size": [0.5, 0.5]},
								"east": {"uv": [45, 9], "uv_size": [0.25, 0.5]},
								"south": {"uv": [9, 43], "uv_size": [0.5, 0.5]},
								"west": {"uv": [10, 45], "uv_size": [0.25, 0.5]},
								"up": {"uv": [45, 10], "uv_size": [0.5, 0.25]},
								"down": {"uv": [11, 45.25], "uv_size": [0.5, -0.25]}
							}
						},
						{
							"origin": [-0.125, 5.375, -0.125],
							"size": [0.25, 0.25, 0.125],
							"pivot": [0, 5.5, 0.125],
							"rotation": [0, 0, 45],
							"uv": {
								"north": {"uv": [46, 41], "uv_size": [0.25, 0.25]},
								"east": {"uv": [42, 46], "uv_size": [0.25, 0.25]},
								"south": {"uv": [46, 42], "uv_size": [0.25, 0.25]},
								"west": {"uv": [43, 46], "uv_size": [0.25, 0.25]},
								"up": {"uv": [46, 43], "uv_size": [0.25, 0.25]},
								"down": {"uv": [44, 46.25], "uv_size": [0.25, -0.25]}
							}
						},
						{
							"origin": [-0.21875, 5.28125, 0.25],
							"size": [0.42188, 0.4375, 1.0625],
							"pivot": [0, 5.5, 0.5],
							"rotation": [0, 0, 45],
							"uv": {
								"north": {"uv": [43, 7], "uv_size": [0.5, 0.5]},
								"east": {"uv": [40, 18], "uv_size": [1, 0.5]},
								"south": {"uv": [8, 43], "uv_size": [0.5, 0.5]},
								"west": {"uv": [19, 40], "uv_size": [1, 0.5]},
								"up": {"uv": [40, 19], "uv_size": [0.5, 1]},
								"down": {"uv": [20, 41], "uv_size": [0.5, -1]}
							}
						},
						{
							"origin": [-0.1875, 5.3125, 0],
							"size": [0.375, 0.375, 1.375],
							"pivot": [0, 5.5, 0.25],
							"rotation": [0, 0, 45],
							"uv": {
								"north": {"uv": [43, 6], "uv_size": [0.5, 0.5]},
								"east": {"uv": [37, 20], "uv_size": [1.5, 0.5]},
								"south": {"uv": [7, 43], "uv_size": [0.5, 0.5]},
								"west": {"uv": [37, 21], "uv_size": [1.5, 0.5]},
								"up": {"uv": [24, 37], "uv_size": [0.5, 1.5]},
								"down": {"uv": [37, 26.5], "uv_size": [0.5, -1.5]}
							}
						}
					]
				},
				{
					"name": "magazine",
					"parent": "mag_and_bullet",
					"pivot": [0.125, 1.6, 2.725]
				},
				{
					"name": "bullet_in_mag",
					"parent": "magazine",
					"pivot": [0.00417, 6.0135, 0.74867],
					"cubes": [
						{
							"origin": [-0.125, 5.375, -0.125],
							"size": [0.25, 0.25, 0.125],
							"pivot": [0, 5.5, 0.125],
							"rotation": [0, 0, 45],
							"uv": {
								"north": {"uv": [46, 35], "uv_size": [0.25, 0.25]},
								"east": {"uv": [36, 46], "uv_size": [0.25, 0.25]},
								"south": {"uv": [46, 36], "uv_size": [0.25, 0.25]},
								"west": {"uv": [37, 46], "uv_size": [0.25, 0.25]},
								"up": {"uv": [46, 37], "uv_size": [0.25, 0.25]},
								"down": {"uv": [38, 46.25], "uv_size": [0.25, -0.25]}
							}
						},
						{
							"origin": [-0.21875, 5.28125, 0.25],
							"size": [0.42188, 0.4375, 1.0625],
							"pivot": [0, 5.5, 0.5],
							"rotation": [0, 0, 45],
							"uv": {
								"north": {"uv": [42, 42], "uv_size": [0.5, 0.5]},
								"east": {"uv": [12, 40], "uv_size": [1, 0.5]},
								"south": {"uv": [0, 43], "uv_size": [0.5, 0.5]},
								"west": {"uv": [13, 40], "uv_size": [1, 0.5]},
								"up": {"uv": [40, 13], "uv_size": [0.5, 1]},
								"down": {"uv": [40, 15], "uv_size": [0.5, -1]}
							}
						},
						{
							"origin": [-0.1875, 5.3125, 0],
							"size": [0.375, 0.375, 1.375],
							"pivot": [0, 5.5, 0.25],
							"rotation": [0, 0, 45],
							"uv": {
								"north": {"uv": [43, 0], "uv_size": [0.5, 0.5]},
								"east": {"uv": [7, 37], "uv_size": [1.5, 0.5]},
								"south": {"uv": [1, 43], "uv_size": [0.5, 0.5]},
								"west": {"uv": [37, 13], "uv_size": [1.5, 0.5]},
								"up": {"uv": [37, 14], "uv_size": [0.5, 1.5]},
								"down": {"uv": [15, 38.5], "uv_size": [0.5, -1.5]}
							}
						},
						{
							"origin": [-0.21875, 5.28125, 1.375],
							"size": [0.42188, 0.4375, 0.125],
							"pivot": [0, 5.5, 0.5],
							"rotation": [0, 0, 45],
							"uv": {
								"north": {"uv": [43, 1], "uv_size": [0.5, 0.5]},
								"east": {"uv": [45, 5], "uv_size": [0.25, 0.5]},
								"south": {"uv": [2, 43], "uv_size": [0.5, 0.5]},
								"west": {"uv": [6, 45], "uv_size": [0.25, 0.5]},
								"up": {"uv": [45, 6], "uv_size": [0.5, 0.25]},
								"down": {"uv": [7, 45.25], "uv_size": [0.5, -0.25]}
							}
						}
					]
				},
				{
					"name": "mag_standard",
					"parent": "magazine",
					"pivot": [0.125, 8, -4],
					"cubes": [
						{
							"origin": [-0.5, -1.5, 1.5],
							"size": [1, 6, 1.75],
							"pivot": [-3, 1, 0],
							"rotation": [22.5, 0, 0],
							"uv": {
								"north": {"uv": [13, 18], "uv_size": [1, 6]},
								"east": {"uv": [6, 9], "uv_size": [1.75, 6]},
								"south": {"uv": [14, 18], "uv_size": [1, 6]},
								"west": {"uv": [10, 0], "uv_size": [1.75, 6]},
								"down": {"uv": [23, 18.75], "uv_size": [1, -1.75]}
							}
						},
						{
							"origin": [0.25162, 5.42789, 0.04643],
							"size": [0.125, 0.25, 1.61679],
							"pivot": [0.31412, 5.76274, 0.85482],
							"rotation": [0, 0, -22.5],
							"uv": {
								"north": {"uv": [32, 48], "uv_size": [0.25, 0.25]},
								"east": {"uv": [41, 27], "uv_size": [1.5, 0.25]},
								"south": {"uv": [48, 32], "uv_size": [0.25, 0.25]},
								"west": {"uv": [28, 41], "uv_size": [1.5, 0.25]},
								"up": {"uv": [23, 41], "uv_size": [0.25, 1.5]}
							}
						},
						{
							"origin": [-0.5, 4.5, 1.5],
							"size": [1, 0.61872, 0.25628],
							"pivot": [-3, 1, 0],
							"rotation": [22.5, 0, 0],
							"uv": {
								"north": {"uv": [32, 40], "uv_size": [1, 0.5]},
								"east": {"uv": [6, 46], "uv_size": [0.25, 0.5]},
								"west": {"uv": [46, 6], "uv_size": [0.25, 0.5]},
								"up": {"uv": [44, 3], "uv_size": [1, 0.25]}
							}
						},
						{
							"origin": [-0.499, 4.8076, 0.04643],
							"size": [0.998, 0.6697, 1.61679],
							"uv": {
								"east": {"uv": [35, 34], "uv_size": [1.5, 0.75]},
								"west": {"uv": [35, 35], "uv_size": [1.5, 0.75]},
								"up": {"uv": [34, 8], "uv_size": [1, 1.5]}
							}
						},
						{
							"origin": [-0.37662, 5.42789, 0.04643],
							"size": [0.125, 0.25, 1.61679],
							"pivot": [-0.31412, 5.76274, 0.85482],
							"rotation": [0, 0, 22.5],
							"uv": {
								"north": {"uv": [33, 48], "uv_size": [0.25, 0.25]},
								"east": {"uv": [41, 28], "uv_size": [1.5, 0.25]},
								"south": {"uv": [48, 33], "uv_size": [0.25, 0.25]},
								"west": {"uv": [41, 29], "uv_size": [1.5, 0.25]},
								"up": {"uv": [25, 41], "uv_size": [0.25, 1.5]}
							}
						}
					]
				},
				{
					"name": "mag_extended_1",
					"parent": "magazine",
					"pivot": [-3.875, 8, -4],
					"cubes": [
						{
							"origin": [-0.5, -3, 1.5],
							"size": [1, 7.5, 1.75],
							"pivot": [-3, 1, 0],
							"rotation": [22.5, 0, 0],
							"uv": {
								"north": {"uv": [4, 18], "uv_size": [1, 7.5]},
								"east": {"uv": [8, 0], "uv_size": [1.75, 7.5]},
								"south": {"uv": [5, 18], "uv_size": [1, 7.5]},
								"west": {"uv": [8, 8], "uv_size": [1.75, 7.5]},
								"down": {"uv": [23, 20.75], "uv_size": [1, -1.75]}
							}
						},
						{
							"origin": [0.25162, 5.42789, 0.04643],
							"size": [0.125, 0.25, 1.61679],
							"pivot": [0.31412, 5.76274, 0.85482],
							"rotation": [0, 0, -22.5],
							"uv": {
								"north": {"uv": [35, 48], "uv_size": [0.25, 0.25]},
								"east": {"uv": [32, 41], "uv_size": [1.5, 0.25]},
								"south": {"uv": [48, 35], "uv_size": [0.25, 0.25]},
								"west": {"uv": [41, 32], "uv_size": [1.5, 0.25]},
								"up": {"uv": [41, 33], "uv_size": [0.25, 1.5]}
							}
						},
						{
							"origin": [-0.5, 4.5, 1.5],
							"size": [1, 0.61872, 0.25628],
							"pivot": [-3, 1, 0],
							"rotation": [22.5, 0, 0],
							"uv": {
								"north": {"uv": [40, 32], "uv_size": [1, 0.5]},
								"east": {"uv": [7, 46], "uv_size": [0.25, 0.5]},
								"west": {"uv": [46, 7], "uv_size": [0.25, 0.5]},
								"up": {"uv": [4, 44], "uv_size": [1, 0.25]}
							}
						},
						{
							"origin": [-0.499, 4.8076, 0.04643],
							"size": [0.998, 0.6697, 1.61679],
							"uv": {
								"east": {"uv": [36, 2], "uv_size": [1.5, 0.75]},
								"west": {"uv": [36, 3], "uv_size": [1.5, 0.75]},
								"up": {"uv": [17, 34], "uv_size": [1, 1.5]}
							}
						},
						{
							"origin": [-0.37662, 5.42789, 0.04643],
							"size": [0.125, 0.25, 1.61679],
							"pivot": [-0.31412, 5.76274, 0.85482],
							"rotation": [0, 0, 22.5],
							"uv": {
								"north": {"uv": [34, 48], "uv_size": [0.25, 0.25]},
								"east": {"uv": [41, 30], "uv_size": [1.5, 0.25]},
								"south": {"uv": [48, 34], "uv_size": [0.25, 0.25]},
								"west": {"uv": [41, 31], "uv_size": [1.5, 0.25]},
								"up": {"uv": [30, 41], "uv_size": [0.25, 1.5]}
							}
						}
					]
				},
				{
					"name": "mag_extended_2",
					"parent": "magazine",
					"pivot": [0.125, 8, -4],
					"cubes": [
						{
							"origin": [-0.5, -4.5, 1.5],
							"size": [1, 9, 1.75],
							"pivot": [-3, 1, 0],
							"rotation": [22.5, 0, 0],
							"uv": {
								"north": {"uv": [3, 11], "uv_size": [1, 9]},
								"east": {"uv": [4, 0], "uv_size": [1.75, 9]},
								"south": {"uv": [6, 15], "uv_size": [1, 9]},
								"west": {"uv": [6, 0], "uv_size": [1.75, 9]},
								"down": {"uv": [28, 32.75], "uv_size": [1, -1.75]}
							}
						},
						{
							"origin": [0.25162, 5.42789, 0.04643],
							"size": [0.125, 0.25, 1.61679],
							"pivot": [0.31412, 5.76274, 0.85482],
							"rotation": [0, 0, -22.5],
							"uv": {
								"north": {"uv": [37, 48], "uv_size": [0.25, 0.25]},
								"east": {"uv": [41, 38], "uv_size": [1.5, 0.25]},
								"south": {"uv": [48, 37], "uv_size": [0.25, 0.25]},
								"west": {"uv": [39, 41], "uv_size": [1.5, 0.25]},
								"up": {"uv": [41, 39], "uv_size": [0.25, 1.5]}
							}
						},
						{
							"origin": [-0.5, 4.5, 1.5],
							"size": [1, 0.61872, 0.25628],
							"pivot": [-3, 1, 0],
							"rotation": [22.5, 0, 0],
							"uv": {
								"north": {"uv": [33, 40], "uv_size": [1, 0.5]},
								"east": {"uv": [8, 46], "uv_size": [0.25, 0.5]},
								"west": {"uv": [46, 8], "uv_size": [0.25, 0.5]},
								"up": {"uv": [44, 4], "uv_size": [1, 0.25]}
							}
						},
						{
							"origin": [-0.499, 4.8076, 0.04643],
							"size": [0.998, 0.6697, 1.61679],
							"uv": {
								"east": {"uv": [36, 4], "uv_size": [1.5, 0.75]},
								"west": {"uv": [5, 36], "uv_size": [1.5, 0.75]},
								"up": {"uv": [18, 34], "uv_size": [1, 1.5]}
							}
						},
						{
							"origin": [-0.37662, 5.42789, 0.04643],
							"size": [0.125, 0.25, 1.61679],
							"pivot": [-0.31412, 5.76274, 0.85482],
							"rotation": [0, 0, 22.5],
							"uv": {
								"north": {"uv": [36, 48], "uv_size": [0.25, 0.25]},
								"east": {"uv": [34, 41], "uv_size": [1.5, 0.25]},
								"south": {"uv": [48, 36], "uv_size": [0.25, 0.25]},
								"west": {"uv": [41, 35], "uv_size": [1.5, 0.25]},
								"up": {"uv": [41, 36], "uv_size": [0.25, 1.5]}
							}
						}
					]
				},
				{
					"name": "mag_extended_3",
					"parent": "magazine",
					"pivot": [0.125, 8, -4],
					"cubes": [
						{
							"origin": [-0.5, -6, 1.5],
							"size": [1, 10.5, 1.75],
							"pivot": [-3, 1, 0],
							"rotation": [22.5, 0, 0],
							"uv": {
								"north": {"uv": [10, 6], "uv_size": [1, 10.5]},
								"east": {"uv": [0, 0], "uv_size": [1.75, 10.5]},
								"south": {"uv": [0, 11], "uv_size": [1, 10.5]},
								"west": {"uv": [2, 0], "uv_size": [1.75, 10.5]},
								"down": {"uv": [30, 33.75], "uv_size": [1, -1.75]}
							}
						},
						{
							"origin": [0.25162, 5.42789, 0.04643],
							"size": [0.125, 0.25, 1.61679],
							"pivot": [0.31412, 5.76274, 0.85482],
							"rotation": [0, 0, -22.5],
							"uv": {
								"north": {"uv": [39, 48], "uv_size": [0.25, 0.25]},
								"east": {"uv": [2, 42], "uv_size": [1.5, 0.25]},
								"south": {"uv": [48, 39], "uv_size": [0.25, 0.25]},
								"west": {"uv": [42, 2], "uv_size": [1.5, 0.25]},
								"up": {"uv": [42, 3], "uv_size": [0.25, 1.5]}
							}
						},
						{
							"origin": [-0.5, 4.5, 1.5],
							"size": [1, 0.61872, 0.25628],
							"pivot": [-3, 1, 0],
							"rotation": [22.5, 0, 0],
							"uv": {
								"north": {"uv": [40, 33], "uv_size": [1, 0.5]},
								"east": {"uv": [9, 46], "uv_size": [0.25, 0.5]},
								"west": {"uv": [46, 9], "uv_size": [0.25, 0.5]},
								"up": {"uv": [5, 44], "uv_size": [1, 0.25]}
							}
						},
						{
							"origin": [-0.499, 4.8076, 0.04643],
							"size": [0.998, 0.6697, 1.61679],
							"uv": {
								"east": {"uv": [36, 5], "uv_size": [1.5, 0.75]},
								"west": {"uv": [7, 36], "uv_size": [1.5, 0.75]},
								"up": {"uv": [20, 34], "uv_size": [1, 1.5]}
							}
						},
						{
							"origin": [-0.37662, 5.42789, 0.04643],
							"size": [0.125, 0.25, 1.61679],
							"pivot": [-0.31412, 5.76274, 0.85482],
							"rotation": [0, 0, 22.5],
							"uv": {
								"north": {"uv": [38, 48], "uv_size": [0.25, 0.25]},
								"east": {"uv": [41, 41], "uv_size": [1.5, 0.25]},
								"south": {"uv": [48, 38], "uv_size": [0.25, 0.25]},
								"west": {"uv": [0, 42], "uv_size": [1.5, 0.25]},
								"up": {"uv": [42, 0], "uv_size": [0.25, 1.5]}
							}
						}
					]
				},
				{
					"name": "main",
					"parent": "root",
					"pivot": [0.125, 4, 1]
				},
				{
					"name": "righthand",
					"parent": "main",
					"pivot": [6, 19, -4]
				},
				{
					"name": "righthand_pos",
					"parent": "righthand",
					"pivot": [0, 8, -4],
					"cubes": [
						{
							"origin": [4, 8, -6],
							"size": [4, 12, 4],
							"uv": {
								"north": {"uv": [0, 0], "uv_size": [0.5, 1.5]},
								"east": {"uv": [0.5, 0], "uv_size": [0.5, 1.5]},
								"south": {"uv": [1, 0], "uv_size": [0.5, 1.5]},
								"west": {"uv": [0, 1.5], "uv_size": [0.5, 1.5]},
								"up": {"uv": [2, 0], "uv_size": [0.5, 0.5]},
								"down": {"uv": [2, 1], "uv_size": [0.5, -0.5]}
							}
						}
					]
				},
				{
					"name": "CZ75",
					"parent": "main",
					"pivot": [0.125, 4, 1]
				},
				{
					"name": "constraint",
					"parent": "CZ75",
					"pivot": [0, 6.875, -7.45]
				},
				{
					"name": "default_gun",
					"parent": "CZ75",
					"pivot": [0.125, 8, -4],
					"cubes": [
						{
							"origin": [-0.1875, 4.86452, -10.94309],
							"size": [0.375, 0.375, 6],
							"pivot": [0, 5.05202, -5.94309],
							"rotation": [0, 0, -45],
							"uv": {
								"north": {"uv": [23, 43], "uv_size": [0.5, 0.5]},
								"east": {"uv": [21, 3], "uv_size": [6, 0.5]},
								"south": {"uv": [43, 23], "uv_size": [0.5, 0.5]},
								"west": {"uv": [21, 4], "uv_size": [6, 0.5]},
								"up": {"uv": [3, 20], "uv_size": [0.5, 6]},
								"down": {"uv": [19, 27], "uv_size": [0.5, -6]}
							}
						},
						{
							"origin": [-0.5, 5.92702, -2.1296],
							"size": [1, 0.625, 1.75],
							"uv": {
								"east": {"uv": [34, 25], "uv_size": [1.75, 0.75]},
								"south": {"uv": [37, 6], "uv_size": [1, 0.75]},
								"west": {"uv": [34, 26], "uv_size": [1.75, 0.75]}
							}
						},
						{
							"origin": [-0.623, 3.14669, 1.46776],
							"size": [1.246, 0.6875, 1],
							"pivot": [-0.127, 4.39669, 0.46776],
							"rotation": [45, 0, 0],
							"uv": {
								"east": {"uv": [4, 37], "uv_size": [1, 0.75]},
								"west": {"uv": [5, 37], "uv_size": [1, 0.75]},
								"down": {"uv": [35, 1], "uv_size": [1.25, -1]}
							}
						},
						{
							"origin": [-0.373, 2.89669, 1.46776],
							"size": [0.746, 0.6875, 1.25],
							"pivot": [-0.127, 4.39669, 0.46776],
							"rotation": [45, 0, 0],
							"uv": {
								"east": {"uv": [36, 22], "uv_size": [1.25, 0.75]},
								"west": {"uv": [36, 23], "uv_size": [1.25, 0.75]},
								"down": {"uv": [36, 26.25], "uv_size": [0.75, -1.25]}
							}
						},
						{
							"origin": [-0.75971, 2.70903, 1.65542],
							"size": [0.35355, 0.6875, 1.25],
							"pivot": [-0.51371, 4.20903, 0.65542],
							"rotation": [35.26439, 30, -35.26439],
							"uv": {
								"east": {"uv": [26, 36], "uv_size": [1.25, 0.75]},
								"west": {"uv": [36, 29], "uv_size": [1.25, 0.75]},
								"down": {"uv": [12, 43.25], "uv_size": [0.25, -1.25]}
							}
						},
						{
							"origin": [0.40616, 2.70903, 1.65542],
							"size": [0.35355, 0.6875, 1.25],
							"pivot": [0.51371, 4.20903, 0.65542],
							"rotation": [35.26439, -30, 35.26439],
							"uv": {
								"east": {"uv": [36, 30], "uv_size": [1.25, 0.75]},
								"west": {"uv": [36, 31], "uv_size": [1.25, 0.75]},
								"down": {"uv": [14, 43.25], "uv_size": [0.25, -1.25]}
							}
						},
						{
							"origin": [-0.94638, 6.25468, -2.1296],
							"size": [0.35355, 0.25, 1.75],
							"pivot": [-0.78033, 7.06718, 1.11941],
							"rotation": [0, 0, -45],
							"uv": {
								"south": {"uv": [28, 46], "uv_size": [0.25, 0.25]},
								"up": {"uv": [40, 38], "uv_size": [0.25, 1.75]}
							}
						},
						{
							"origin": [0.59283, 6.25468, -2.1296],
							"size": [0.35355, 0.25, 1.75],
							"pivot": [0.78033, 7.06718, 1.11941],
							"rotation": [0, 0, 45],
							"uv": {
								"south": {"uv": [46, 27], "uv_size": [0.25, 0.25]},
								"up": {"uv": [38, 40], "uv_size": [0.25, 1.75]}
							}
						},
						{
							"origin": [-0.25, 6.55202, -2.1296],
							"size": [0.5, 0.25, 1.75],
							"uv": {
								"south": {"uv": [5, 45], "uv_size": [0.5, 0.25]},
								"up": {"uv": [28, 36], "uv_size": [0.5, 1.75]}
							}
						},
						{
							"origin": [-0.1553, 5.67702, -11.00559],
							"size": [0.3106, 0.125, 10.75],
							"pivot": [0, 6.05202, -3.50559],
							"rotation": [0, 0, -135],
							"uv": {
								"north": {"uv": [46, 31], "uv_size": [0.25, 0.25]},
								"south": {"uv": [32, 46], "uv_size": [0.25, 0.25]},
								"up": {"uv": [13, 24], "uv_size": [0.25, 10.75]},
								"down": {"uv": [14, 34.75], "uv_size": [0.25, -10.75]}
							}
						},
						{
							"origin": [-0.1553, 5.67702, -11.00559],
							"size": [0.3106, 0.125, 10.75],
							"pivot": [0, 6.05202, -3.50559],
							"rotation": [0, 0, -90],
							"uv": {
								"north": {"uv": [46, 32], "uv_size": [0.25, 0.25]},
								"south": {"uv": [33, 46], "uv_size": [0.25, 0.25]},
								"up": {"uv": [24, 17], "uv_size": [0.25, 10.75]},
								"down": {"uv": [22, 34.75], "uv_size": [0.25, -10.75]}
							}
						},
						{
							"origin": [-0.1553, 5.67702, -11.00559],
							"size": [0.3106, 0.125, 10.75],
							"pivot": [0, 6.05202, -3.50559],
							"rotation": [0, 0, -45],
							"uv": {
								"north": {"uv": [46, 33], "uv_size": [0.25, 0.25]},
								"south": {"uv": [34, 46], "uv_size": [0.25, 0.25]},
								"up": {"uv": [23, 24], "uv_size": [0.25, 10.75]},
								"down": {"uv": [8, 35.75], "uv_size": [0.25, -10.75]}
							}
						},
						{
							"origin": [-0.1553, 5.67702, -11.00559],
							"size": [0.3106, 0.125, 10.75],
							"pivot": [0, 6.05202, -3.50559],
							"rotation": [0, 0, -180],
							"uv": {
								"north": {"uv": [46, 34], "uv_size": [0.25, 0.25]},
								"south": {"uv": [35, 46], "uv_size": [0.25, 0.25]},
								"up": {"uv": [9, 25], "uv_size": [0.25, 10.75]},
								"down": {"uv": [25, 23.75], "uv_size": [0.25, -10.75]}
							}
						},
						{
							"origin": [-0.1553, 5.67702, -11.00559],
							"size": [0.3106, 0.125, 10.75],
							"pivot": [0, 6.05202, -3.50559],
							"rotation": [0, 0, 135],
							"uv": {
								"north": {"uv": [46, 30], "uv_size": [0.25, 0.25]},
								"south": {"uv": [31, 46], "uv_size": [0.25, 0.25]},
								"up": {"uv": [6, 24], "uv_size": [0.25, 10.75]},
								"down": {"uv": [7, 34.75], "uv_size": [0.25, -10.75]}
							}
						},
						{
							"origin": [-0.1553, 5.67702, -11.00559],
							"size": [0.3106, 0.125, 10.75],
							"pivot": [0, 6.05202, -3.50559],
							"rotation": [0, 0, 90],
							"uv": {
								"north": {"uv": [46, 29], "uv_size": [0.25, 0.25]},
								"south": {"uv": [30, 46], "uv_size": [0.25, 0.25]},
								"up": {"uv": [1, 24], "uv_size": [0.25, 10.75]},
								"down": {"uv": [2, 34.75], "uv_size": [0.25, -10.75]}
							}
						},
						{
							"origin": [-0.1553, 5.67702, -11.00559],
							"size": [0.3106, 0.125, 10.75],
							"pivot": [0, 6.05202, -3.50559],
							"rotation": [0, 0, 45],
							"uv": {
								"north": {"uv": [46, 28], "uv_size": [0.25, 0.25]},
								"south": {"uv": [29, 46], "uv_size": [0.25, 0.25]},
								"up": {"uv": [20, 23], "uv_size": [0.25, 10.75]},
								"down": {"uv": [21, 33.75], "uv_size": [0.25, -10.75]}
							}
						},
						{
							"origin": [-0.1553, 5.67702, -11.00559],
							"size": [0.3106, 0.125, 10.75],
							"uv": {
								"north": {"uv": [46, 26], "uv_size": [0.25, 0.25]},
								"south": {"uv": [27, 46], "uv_size": [0.25, 0.25]},
								"up": {"uv": [17, 23], "uv_size": [0.25, 10.75]},
								"down": {"uv": [18, 33.75], "uv_size": [0.25, -10.75]}
							}
						},
						{
							"origin": [-0.4375, 5.42702, 2.99441],
							"size": [0.875, 1.25, 0.25],
							"uv": {
								"south": {"uv": [2, 35], "uv_size": [1, 1.25]}
							}
						},
						{
							"origin": [-0.34375, 5.42702, 3.11941],
							"size": [0.6875, 1.0625, 0.25],
							"uv": {
								"east": {"uv": [42, 40], "uv_size": [0.25, 1]},
								"south": {"uv": [6, 37], "uv_size": [0.75, 1]},
								"west": {"uv": [41, 42], "uv_size": [0.25, 1]},
								"up": {"uv": [44, 8], "uv_size": [0.75, 0.25]}
							}
						},
						{
							"origin": [-0.21875, 6.48952, 3.11941],
							"size": [0.4375, 0.125, 0.25],
							"uv": {
								"east": {"uv": [0, 47], "uv_size": [0.25, 0.25]},
								"south": {"uv": [45, 15], "uv_size": [0.5, 0.25]},
								"west": {"uv": [47, 0], "uv_size": [0.25, 0.25]},
								"up": {"uv": [16, 45], "uv_size": [0.5, 0.25]}
							}
						},
						{
							"origin": [-0.28726, 6.35314, 3.11941],
							"size": [0.17678, 0.125, 0.25],
							"pivot": [-0.32924, 6.41564, 3.24441],
							"rotation": [0, 0, -45],
							"uv": {
								"east": {"uv": [1, 47], "uv_size": [0.25, 0.25]},
								"south": {"uv": [47, 1], "uv_size": [0.25, 0.25]},
								"west": {"uv": [2, 47], "uv_size": [0.25, 0.25]},
								"up": {"uv": [47, 2], "uv_size": [0.25, 0.25]}
							}
						},
						{
							"origin": [0.11049, 6.35314, 3.11941],
							"size": [0.17678, 0.125, 0.25],
							"pivot": [0.32924, 6.41564, 3.24441],
							"rotation": [0, 0, 45],
							"uv": {
								"east": {"uv": [3, 47], "uv_size": [0.25, 0.25]},
								"south": {"uv": [47, 3], "uv_size": [0.25, 0.25]},
								"west": {"uv": [4, 47], "uv_size": [0.25, 0.25]},
								"up": {"uv": [47, 4], "uv_size": [0.25, 0.25]}
							}
						},
						{
							"origin": [0.375, 4.92702, -10.63059],
							"size": [0.25, 0.5, 5.75],
							"uv": {
								"north": {"uv": [45, 2], "uv_size": [0.25, 0.5]},
								"east": {"uv": [21, 5], "uv_size": [5.75, 0.5]},
								"south": {"uv": [3, 45], "uv_size": [0.25, 0.5]},
								"west": {"uv": [21, 10], "uv_size": [5.75, 0.5]},
								"up": {"uv": [21, 34], "uv_size": [0.25, 5.75]},
								"down": {"uv": [25, 39.75], "uv_size": [0.25, -5.75]}
							}
						},
						{
							"origin": [-0.625, 4.92702, -10.63059],
							"size": [0.25, 0.5, 5.75],
							"uv": {
								"north": {"uv": [45, 11], "uv_size": [0.25, 0.5]},
								"east": {"uv": [21, 11], "uv_size": [5.75, 0.5]},
								"south": {"uv": [12, 45], "uv_size": [0.25, 0.5]},
								"west": {"uv": [21, 12], "uv_size": [5.75, 0.5]},
								"up": {"uv": [30, 34], "uv_size": [0.25, 5.75]},
								"down": {"uv": [32, 39.75], "uv_size": [0.25, -5.75]}
							}
						},
						{
							"origin": [0.28921, 4.13412, -10.63059],
							"size": [0.25, 0.25, 8.5],
							"pivot": [0.78921, 5.63412, -0.38059],
							"rotation": [0, 0, 45],
							"uv": {
								"north": {"uv": [13, 47], "uv_size": [0.25, 0.25]},
								"east": {"uv": [26, 20], "uv_size": [8.5, 0.25]},
								"south": {"uv": [47, 13], "uv_size": [0.25, 0.25]},
								"west": {"uv": [26, 21], "uv_size": [8.5, 0.25]},
								"up": {"uv": [12, 26], "uv_size": [0.25, 8.5]},
								"down": {"uv": [26, 30.5], "uv_size": [0.25, -8.5]}
							}
						},
						{
							"origin": [-0.53921, 4.13412, -10.63059],
							"size": [0.25, 0.25, 8.5],
							"pivot": [-0.78921, 5.63412, -0.38059],
							"rotation": [0, 0, -45],
							"uv": {
								"north": {"uv": [14, 47], "uv_size": [0.25, 0.25]},
								"east": {"uv": [27, 3], "uv_size": [8.5, 0.25]},
								"south": {"uv": [47, 14], "uv_size": [0.25, 0.25]},
								"west": {"uv": [27, 4], "uv_size": [8.5, 0.25]},
								"up": {"uv": [11, 27], "uv_size": [0.25, 8.5]},
								"down": {"uv": [19, 35.5], "uv_size": [0.25, -8.5]}
							}
						},
						{
							"origin": [-0.625, 4.92702, -4.88059],
							"size": [1.25, 0.5, 8],
							"uv": {
								"north": {"uv": [38, 34], "uv_size": [1.25, 0.5]},
								"east": {"uv": [20, 6], "uv_size": [8, 0.5]},
								"south": {"uv": [38, 35], "uv_size": [1.25, 0.5]},
								"west": {"uv": [20, 7], "uv_size": [8, 0.5]},
								"up": {"uv": [1, 11], "uv_size": [1.25, 8]},
								"down": {"uv": [11, 18], "uv_size": [1.25, -8]}
							}
						},
						{
							"origin": [-0.375, 4.92702, 3.11941],
							"size": [0.75, 0.5, 0.25],
							"uv": {
								"north": {"uv": [20, 41], "uv_size": [0.75, 0.5]},
								"east": {"uv": [35, 45], "uv_size": [0.25, 0.5]},
								"south": {"uv": [41, 20], "uv_size": [0.75, 0.5]},
								"west": {"uv": [45, 35], "uv_size": [0.25, 0.5]},
								"up": {"uv": [44, 26], "uv_size": [0.75, 0.25]},
								"down": {"uv": [27, 44.25], "uv_size": [0.75, -0.25]}
							}
						},
						{
							"origin": [0.17678, 4.92702, 2.89086],
							"size": [0.35355, 0.5, 0.25],
							"pivot": [0.55178, 5.17702, 3.01586],
							"rotation": [0, 45, 0],
							"uv": {
								"north": {"uv": [36, 45], "uv_size": [0.25, 0.5]},
								"east": {"uv": [45, 36], "uv_size": [0.25, 0.5]},
								"south": {"uv": [37, 45], "uv_size": [0.25, 0.5]},
								"west": {"uv": [45, 37], "uv_size": [0.25, 0.5]},
								"up": {"uv": [47, 31], "uv_size": [0.25, 0.25]},
								"down": {"uv": [32, 47.25], "uv_size": [0.25, -0.25]}
							}
						},
						{
							"origin": [-0.53033, 4.92702, 2.89086],
							"size": [0.35355, 0.5, 0.25],
							"pivot": [-0.55178, 5.17702, 3.01586],
							"rotation": [0, -45, 0],
							"uv": {
								"north": {"uv": [38, 45], "uv_size": [0.25, 0.5]},
								"east": {"uv": [45, 38], "uv_size": [0.25, 0.5]},
								"south": {"uv": [39, 45], "uv_size": [0.25, 0.5]},
								"west": {"uv": [45, 39], "uv_size": [0.25, 0.5]},
								"up": {"uv": [47, 32], "uv_size": [0.25, 0.25]},
								"down": {"uv": [33, 47.25], "uv_size": [0.25, -0.25]}
							}
						},
						{
							"origin": [0.50628, 4.91185, 0.11941],
							"size": [0.125, 0.125, 3],
							"pivot": [0.00628, 5.16185, -0.88059],
							"rotation": [0, 0, -45],
							"uv": {
								"north": {"uv": [47, 23], "uv_size": [0.25, 0.25]},
								"east": {"uv": [36, 37], "uv_size": [3, 0.25]},
								"south": {"uv": [24, 47], "uv_size": [0.25, 0.25]},
								"west": {"uv": [38, 1], "uv_size": [3, 0.25]},
								"up": {"uv": [38, 2], "uv_size": [0.25, 3]},
								"down": {"uv": [3, 41], "uv_size": [0.25, -3]}
							}
						},
						{
							"origin": [-0.63128, 4.91185, 0.11941],
							"size": [0.125, 0.125, 3],
							"pivot": [-0.00628, 5.16185, -0.88059],
							"rotation": [0, 0, 45],
							"uv": {
								"north": {"uv": [31, 48], "uv_size": [0.25, 0.25]},
								"east": {"uv": [38, 28], "uv_size": [3, 0.25]},
								"south": {"uv": [48, 31], "uv_size": [0.25, 0.25]},
								"west": {"uv": [38, 29], "uv_size": [3, 0.25]},
								"up": {"uv": [28, 38], "uv_size": [0.25, 3]},
								"down": {"uv": [29, 41], "uv_size": [0.25, -3]}
							}
						},
						{
							"origin": [-0.499, 5.71623, -1.94125],
							"size": [0.998, 0.75, 0.5],
							"pivot": [-0.126, 5.96623, -3.19125],
							"rotation": [-45, 0, 0],
							"uv": {
								"north": {"uv": [37, 32], "uv_size": [1, 0.75]},
								"east": {"uv": [2, 41], "uv_size": [0.5, 0.75]},
								"south": {"uv": [37, 33], "uv_size": [1, 0.75]},
								"west": {"uv": [41, 2], "uv_size": [0.5, 0.75]},
								"up": {"uv": [40, 24], "uv_size": [1, 0.5]},
								"down": {"uv": [25, 40.5], "uv_size": [1, -0.5]}
							}
						},
						{
							"origin": [-0.25, 2.9333, -2.58509],
							"size": [0.5, 0.25, 1.35355],
							"pivot": [0, 3.0583, -0.83509],
							"rotation": [-45, 0, 0],
							"uv": {
								"east": {"uv": [42, 5], "uv_size": [1.25, 0.25]},
								"west": {"uv": [6, 42], "uv_size": [1.25, 0.25]},
								"up": {"uv": [38, 30], "uv_size": [0.5, 1.25]},
								"down": {"uv": [38, 33.25], "uv_size": [0.5, -1.25]}
							}
						},
						{
							"origin": [-0.25, 3.55222, -1.2521],
							"size": [0.5, 0.25, 1.85355],
							"pivot": [0, 3.67722, 0.4979],
							"rotation": [10, 0, 0],
							"uv": {
								"east": {"uv": [39, 40], "uv_size": [1.75, 0.25]},
								"west": {"uv": [0, 41], "uv_size": [1.75, 0.25]},
								"up": {"uv": [0, 37], "uv_size": [0.5, 1.75]},
								"down": {"uv": [2, 38.75], "uv_size": [0.5, -1.75]}
							}
						},
						{
							"origin": [-0.25, 2.9333, -2.83509],
							"size": [0.5, 1.25, 0.25],
							"pivot": [0, 3.0583, -0.83509],
							"rotation": [-45, 0, 0],
							"uv": {
								"north": {"uv": [38, 38], "uv_size": [0.5, 1.25]},
								"east": {"uv": [10, 42], "uv_size": [0.25, 1.25]},
								"south": {"uv": [0, 39], "uv_size": [0.5, 1.25]},
								"west": {"uv": [11, 42], "uv_size": [0.25, 1.25]},
								"up": {"uv": [22, 45], "uv_size": [0.5, 0.25]},
								"down": {"uv": [45, 22.25], "uv_size": [0.5, -0.25]}
							}
						},
						{
							"origin": [-0.25, 3.84289, -0.69103],
							"size": [0.5, 0.5, 0.25],
							"pivot": [0, 4.09289, -0.56603],
							"rotation": [-15, 0, 0],
							"uv": {
								"north": {"uv": [37, 42], "uv_size": [0.5, 0.5]},
								"east": {"uv": [45, 3], "uv_size": [0.25, 0.5]},
								"south": {"uv": [42, 37], "uv_size": [0.5, 0.5]},
								"west": {"uv": [4, 45], "uv_size": [0.25, 0.5]},
								"down": {"uv": [45, 4.25], "uv_size": [0.5, -0.25]}
							}
						},
						{
							"origin": [-0.25, 4.30202, -0.63059],
							"size": [0.5, 0.75, 0.25],
							"uv": {
								"north": {"uv": [41, 0], "uv_size": [0.5, 0.75]},
								"east": {"uv": [44, 6], "uv_size": [0.25, 0.75]},
								"south": {"uv": [41, 1], "uv_size": [0.5, 0.75]},
								"west": {"uv": [7, 44], "uv_size": [0.25, 0.75]}
							}
						},
						{
							"origin": [-0.372, 3.92702, 2.36941],
							"size": [0.744, 0.75, 0.25],
							"uv": {
								"east": {"uv": [44, 5], "uv_size": [0.25, 0.75]},
								"south": {"uv": [8, 39], "uv_size": [0.75, 0.75]},
								"west": {"uv": [6, 44], "uv_size": [0.25, 0.75]}
							}
						},
						{
							"origin": [0.17466, 3.92702, 2.14298],
							"size": [0.35355, 0.75, 0.25],
							"pivot": [0.54666, 4.30202, 2.26798],
							"rotation": [0, 45, 0],
							"uv": {
								"east": {"uv": [44, 22], "uv_size": [0.25, 0.75]},
								"south": {"uv": [23, 44], "uv_size": [0.25, 0.75]},
								"west": {"uv": [44, 23], "uv_size": [0.25, 0.75]}
							}
						},
						{
							"origin": [-0.52821, 3.92702, 2.14298],
							"size": [0.35355, 0.75, 0.25],
							"pivot": [-0.54666, 4.30202, 2.26798],
							"rotation": [0, -45, 0],
							"uv": {
								"east": {"uv": [24, 44], "uv_size": [0.25, 0.75]},
								"south": {"uv": [44, 24], "uv_size": [0.25, 0.75]},
								"west": {"uv": [25, 44], "uv_size": [0.25, 0.75]}
							}
						},
						{
							"origin": [-0.622, 3.92702, 2.11941],
							"size": [1.244, 0.75, 0.25],
							"uv": {
								"east": {"uv": [44, 21], "uv_size": [0.25, 0.75]},
								"south": {"uv": [36, 12], "uv_size": [1.25, 0.75]},
								"west": {"uv": [22, 44], "uv_size": [0.25, 0.75]}
							}
						},
						{
							"origin": [-0.373, 2.59904, 2.33992],
							"size": [0.746, 0.75, 0.25],
							"pivot": [-0.002, 3.72404, 2.46492],
							"rotation": [45, 0, 0],
							"uv": {
								"east": {"uv": [10, 44], "uv_size": [0.25, 0.75]},
								"south": {"uv": [39, 13], "uv_size": [0.75, 0.75]},
								"west": {"uv": [44, 10], "uv_size": [0.25, 0.75]}
							}
						},
						{
							"origin": [0.373, 3.00085, 2.58364],
							"size": [0.34375, 0.65625, 0.5],
							"pivot": [0.373, 3.2821, 3.08364],
							"rotation": [53.70932, 28.6844, 33.17035],
							"uv": {
								"east": {"uv": [18, 41], "uv_size": [0.5, 0.75]},
								"south": {"uv": [44, 25], "uv_size": [0.25, 0.75]},
								"west": {"uv": [41, 18], "uv_size": [0.5, 0.75]}
							}
						},
						{
							"origin": [0.12448, 2.78842, 2.73771],
							"size": [0.33125, 0.09186, 0.5],
							"pivot": [0.45572, 2.78842, 2.98771],
							"rotation": [46.80931, 40.65433, 21.13633],
							"uv": {
								"east": {"uv": [33, 45], "uv_size": [0.5, 0.25]},
								"south": {"uv": [47, 30], "uv_size": [0.25, 0.25]},
								"west": {"uv": [45, 33], "uv_size": [0.5, 0.25]}
							}
						},
						{
							"origin": [-0.45572, 2.78842, 2.73771],
							"size": [0.33125, 0.09186, 0.5],
							"pivot": [-0.45572, 2.78842, 2.98771],
							"rotation": [46.80931, -40.65433, -21.13633],
							"uv": {
								"east": {"uv": [34, 45], "uv_size": [0.5, 0.25]},
								"south": {"uv": [31, 47], "uv_size": [0.25, 0.25]},
								"west": {"uv": [45, 34], "uv_size": [0.5, 0.25]}
							}
						},
						{
							"origin": [-0.71675, 3.00085, 2.58364],
							"size": [0.34375, 0.65625, 0.5],
							"pivot": [-0.373, 3.2821, 3.08364],
							"rotation": [53.70932, -28.6844, -33.17035],
							"uv": {
								"east": {"uv": [19, 41], "uv_size": [0.5, 0.75]},
								"south": {"uv": [26, 44], "uv_size": [0.25, 0.75]},
								"west": {"uv": [41, 19], "uv_size": [0.5, 0.75]}
							}
						},
						{
							"origin": [-0.622, 2.68015, 2.03573],
							"size": [1.244, 0.75, 0.25],
							"pivot": [-0.003, 3.80515, 2.41073],
							"rotation": [45, 0, 0],
							"uv": {
								"east": {"uv": [44, 20], "uv_size": [0.25, 0.75]},
								"south": {"uv": [36, 11], "uv_size": [1.25, 0.75]},
								"west": {"uv": [21, 44], "uv_size": [0.25, 0.75]}
							}
						},
						{
							"origin": [-0.374, 0.25, 3.5],
							"size": [0.748, 2.25, 0.25],
							"pivot": [-0.126, 1.75, 2.25],
							"rotation": [22.5, 0, 0],
							"uv": {
								"north": {"uv": [32, 30], "uv_size": [0.75, 2.25]},
								"east": {"uv": [14, 39], "uv_size": [0.25, 2.25]},
								"south": {"uv": [31, 32], "uv_size": [0.75, 2.25]},
								"west": {"uv": [15, 39], "uv_size": [0.25, 2.25]},
								"up": {"uv": [9, 44], "uv_size": [0.75, 0.25]},
								"down": {"uv": [44, 9.25], "uv_size": [0.75, -0.25]}
							}
						},
						{
							"origin": [-0.7593, 0.35102, 3.74388],
							"size": [0.35355, 2.25, 0.25],
							"pivot": [-0.5113, 1.85102, 2.49388],
							"rotation": [30.36119, 40.78947, 20.94102],
							"uv": {
								"north": {"uv": [31, 39], "uv_size": [0.25, 2.25]},
								"east": {"uv": [39, 37], "uv_size": [0.25, 2.25]},
								"south": {"uv": [4, 40], "uv_size": [0.25, 2.25]},
								"west": {"uv": [5, 40], "uv_size": [0.25, 2.25]},
								"up": {"uv": [47, 28], "uv_size": [0.25, 0.25]},
								"down": {"uv": [29, 47.25], "uv_size": [0.25, -0.25]}
							}
						},
						{
							"origin": [0.40574, 0.35102, 3.74388],
							"size": [0.35355, 2.25, 0.25],
							"pivot": [0.5113, 1.85102, 2.49388],
							"rotation": [30.36119, -40.78947, -20.94102],
							"uv": {
								"north": {"uv": [40, 5], "uv_size": [0.25, 2.25]},
								"east": {"uv": [8, 40], "uv_size": [0.25, 2.25]},
								"south": {"uv": [40, 8], "uv_size": [0.25, 2.25]},
								"west": {"uv": [9, 40], "uv_size": [0.25, 2.25]},
								"up": {"uv": [47, 29], "uv_size": [0.25, 0.25]},
								"down": {"uv": [30, 47.25], "uv_size": [0.25, -0.25]}
							}
						},
						{
							"origin": [-0.624, 0.25, 1.5],
							"size": [1.248, 4.75, 1.75],
							"pivot": [-0.126, 1.75, 2.25],
							"rotation": [22.5, 0, 0],
							"uv": {
								"north": {"uv": [1, 19], "uv_size": [1.25, 4.75]},
								"east": {"uv": [17, 10], "uv_size": [1.75, 4.75]},
								"south": {"uv": [19, 10], "uv_size": [1.25, 4.75]},
								"west": {"uv": [17, 15], "uv_size": [1.75, 4.75]},
								"up": {"uv": [21, 13], "uv_size": [1.25, 1.75]},
								"down": {"uv": [23, 14.75], "uv_size": [1.25, -1.75]}
							}
						},
						{
							"origin": [-0.374, 3, 3.25],
							"size": [0.748, 1, 0.25],
							"pivot": [-0.126, 1.75, 2.25],
							"rotation": [22.5, 0, 0],
							"uv": {
								"north": {"uv": [38, 12], "uv_size": [0.75, 1]},
								"east": {"uv": [43, 30], "uv_size": [0.25, 1]},
								"south": {"uv": [38, 14], "uv_size": [0.75, 1]},
								"west": {"uv": [31, 43], "uv_size": [0.25, 1]}
							}
						},
						{
							"origin": [0.17607, 3.21012, 2.28417],
							"size": [0.35355, 1, 0.25],
							"pivot": [0.55007, 3.71012, 2.40917],
							"rotation": [30.36119, 40.78947, 20.94102],
							"uv": {
								"north": {"uv": [43, 31], "uv_size": [0.25, 1]},
								"east": {"uv": [32, 43], "uv_size": [0.25, 1]},
								"south": {"uv": [43, 32], "uv_size": [0.25, 1]},
								"west": {"uv": [33, 43], "uv_size": [0.25, 1]}
							}
						},
						{
							"origin": [-0.52962, 3.21012, 2.28417],
							"size": [0.35355, 1, 0.25],
							"pivot": [-0.55007, 3.71012, 2.40917],
							"rotation": [30.36119, -40.78947, -20.94102],
							"uv": {
								"north": {"uv": [34, 43], "uv_size": [0.25, 1]},
								"east": {"uv": [35, 43], "uv_size": [0.25, 1]},
								"south": {"uv": [43, 35], "uv_size": [0.25, 1]},
								"west": {"uv": [36, 43], "uv_size": [0.25, 1]}
							}
						},
						{
							"origin": [-0.624, 0.25, 3.25],
							"size": [1.248, 2.25, 0.25],
							"pivot": [-0.126, 1.75, 2.25],
							"rotation": [22.5, 0, 0],
							"uv": {
								"north": {"uv": [22, 21], "uv_size": [1.25, 2.25]},
								"east": {"uv": [27, 39], "uv_size": [0.25, 2.25]},
								"south": {"uv": [23, 0], "uv_size": [1.25, 2.25]},
								"west": {"uv": [39, 30], "uv_size": [0.25, 2.25]},
								"up": {"uv": [42, 11], "uv_size": [1.25, 0.25]},
								"down": {"uv": [42, 12.25], "uv_size": [1.25, -0.25]}
							}
						},
						{
							"origin": [-0.374, 2, 1.25],
							"size": [0.748, 3.75, 0.25],
							"pivot": [-0.126, 1.75, 2.25],
							"rotation": [22.5, 0, 0],
							"uv": {
								"north": {"uv": [0, 22], "uv_size": [0.75, 3.75]},
								"east": {"uv": [9, 36], "uv_size": [0.25, 3.75]},
								"south": {"uv": [22, 17], "uv_size": [0.75, 3.75]},
								"west": {"uv": [11, 36], "uv_size": [0.25, 3.75]}
							}
						},
						{
							"origin": [-0.40574, 1.95502, 1.14142],
							"size": [0.35355, 3.75, 0.25],
							"pivot": [-0.15774, 1.70502, 2.14142],
							"rotation": [30.36119, -40.78947, -20.94102],
							"uv": {
								"north": {"uv": [12, 36], "uv_size": [0.25, 3.75]},
								"east": {"uv": [13, 36], "uv_size": [0.25, 3.75]},
								"south": {"uv": [17, 36], "uv_size": [0.25, 3.75]},
								"west": {"uv": [18, 36], "uv_size": [0.25, 3.75]}
							}
						},
						{
							"origin": [0.05219, 1.95502, 1.14142],
							"size": [0.35355, 3.75, 0.25],
							"pivot": [0.15774, 1.70502, 2.14142],
							"rotation": [30.36119, 40.78947, 20.94102],
							"uv": {
								"north": {"uv": [19, 36], "uv_size": [0.25, 3.75]},
								"east": {"uv": [20, 36], "uv_size": [0.25, 3.75]},
								"south": {"uv": [22, 36], "uv_size": [0.25, 3.75]},
								"west": {"uv": [23, 36], "uv_size": [0.25, 3.75]}
							}
						},
						{
							"origin": [-0.749, 0.75, 1.375],
							"size": [1.498, 0.75, 2.25],
							"pivot": [-0.251, 1.75, 2.25],
							"rotation": [22.5, 0, 0],
							"uv": {
								"north": {"uv": [35, 14], "uv_size": [1.5, 0.75]},
								"east": {"uv": [33, 22], "uv_size": [2.25, 0.75]},
								"south": {"uv": [35, 15], "uv_size": [1.5, 0.75]},
								"west": {"uv": [33, 23], "uv_size": [2.25, 0.75]},
								"up": {"uv": [17, 20], "uv_size": [1.5, 2.25]},
								"down": {"uv": [20, 19.25], "uv_size": [1.5, -2.25]}
							}
						},
						{
							"origin": [-0.749, 0, 1.375],
							"size": [1.498, 0.75, 0.75],
							"pivot": [-0.251, 1.75, 2.25],
							"rotation": [22.5, 0, 0],
							"uv": {
								"north": {"uv": [35, 27], "uv_size": [1.5, 0.75]},
								"east": {"uv": [39, 20], "uv_size": [0.75, 0.75]},
								"south": {"uv": [35, 28], "uv_size": [1.5, 0.75]},
								"west": {"uv": [39, 21], "uv_size": [0.75, 0.75]},
								"up": {"uv": [35, 32], "uv_size": [1.5, 0.75]},
								"down": {"uv": [35, 33.75], "uv_size": [1.5, -0.75]}
							}
						},
						{
							"origin": [-0.748, 0.43131, 2.07193],
							"size": [1.496, 0.625, 1.125],
							"pivot": [-0.001, 0.80631, 2.69693],
							"rotation": [67.5, 0, 0],
							"uv": {
								"north": {"uv": [26, 38], "uv_size": [1.5, 0.5]},
								"east": {"uv": [4, 39], "uv_size": [1.25, 0.5]},
								"south": {"uv": [38, 26], "uv_size": [1.5, 0.5]},
								"west": {"uv": [39, 4], "uv_size": [1.25, 0.5]},
								"up": {"uv": [31, 26], "uv_size": [1.5, 1.25]},
								"down": {"uv": [31, 29.25], "uv_size": [1.5, -1.25]}
							}
						},
						{
							"origin": [-0.748, -0.20164, 1.6113],
							"size": [1.496, 1.25, 0.5],
							"uv": {
								"north": {"uv": [31, 24], "uv_size": [1.5, 1.25]},
								"east": {"uv": [2, 39], "uv_size": [0.5, 1.25]},
								"south": {"uv": [26, 31], "uv_size": [1.5, 1.25]},
								"west": {"uv": [39, 2], "uv_size": [0.5, 1.25]},
								"up": {"uv": [38, 15], "uv_size": [1.5, 0.5]},
								"down": {"uv": [38, 18.5], "uv_size": [1.5, -0.5]}
							}
						},
						{
							"origin": [-0.499, -0.20164, 1.3613],
							"size": [0.998, 1.25, 0.25],
							"uv": {
								"north": {"uv": [3, 35], "uv_size": [1, 1.25]},
								"east": {"uv": [15, 42], "uv_size": [0.25, 1.25]},
								"south": {"uv": [4, 35], "uv_size": [1, 1.25]},
								"west": {"uv": [42, 15], "uv_size": [0.25, 1.25]},
								"up": {"uv": [37, 43], "uv_size": [1, 0.25]},
								"down": {"uv": [43, 37.25], "uv_size": [1, -0.25]}
							}
						},
						{
							"origin": [0.26446, -0.20164, 1.67754],
							"size": [0.35355, 1.25, 0.25],
							"pivot": [0.76346, 0.42336, 1.80254],
							"rotation": [0, -45, 0],
							"uv": {
								"north": {"uv": [17, 42], "uv_size": [0.25, 1.25]},
								"east": {"uv": [42, 17], "uv_size": [0.25, 1.25]},
								"south": {"uv": [18, 42], "uv_size": [0.25, 1.25]},
								"west": {"uv": [19, 42], "uv_size": [0.25, 1.25]},
								"up": {"uv": [47, 41], "uv_size": [0.25, 0.25]},
								"down": {"uv": [42, 47.25], "uv_size": [0.25, -0.25]}
							}
						},
						{
							"origin": [-0.61801, -0.20164, 1.67754],
							"size": [0.35355, 1.25, 0.25],
							"pivot": [-0.76346, 0.42336, 1.80254],
							"rotation": [0, 45, 0],
							"uv": {
								"north": {"uv": [42, 19], "uv_size": [0.25, 1.25]},
								"east": {"uv": [20, 42], "uv_size": [0.25, 1.25]},
								"south": {"uv": [21, 42], "uv_size": [0.25, 1.25]},
								"west": {"uv": [42, 21], "uv_size": [0.25, 1.25]},
								"up": {"uv": [47, 42], "uv_size": [0.25, 0.25]},
								"down": {"uv": [43, 47.25], "uv_size": [0.25, -0.25]}
							}
						},
						{
							"origin": [-0.499, 0.75, 3.625],
							"size": [0.998, 0.75, 0.25],
							"pivot": [-0.251, 1.75, 2.25],
							"rotation": [22.5, 0, 0],
							"uv": {
								"north": {"uv": [8, 38], "uv_size": [1, 0.75]},
								"east": {"uv": [44, 15], "uv_size": [0.25, 0.75]},
								"south": {"uv": [38, 11], "uv_size": [1, 0.75]},
								"west": {"uv": [16, 44], "uv_size": [0.25, 0.75]},
								"up": {"uv": [43, 29], "uv_size": [1, 0.25]},
								"down": {"uv": [30, 43.25], "uv_size": [1, -0.25]}
							}
						},
						{
							"origin": [-0.72269, 0.86503, 3.90271],
							"size": [0.35355, 0.75, 0.25],
							"pivot": [-0.47469, 1.86503, 2.52771],
							"rotation": [30.36119, 40.78947, 20.94102],
							"uv": {
								"north": {"uv": [44, 16], "uv_size": [0.25, 0.75]},
								"east": {"uv": [17, 44], "uv_size": [0.25, 0.75]},
								"south": {"uv": [44, 17], "uv_size": [0.25, 0.75]},
								"west": {"uv": [18, 44], "uv_size": [0.25, 0.75]},
								"up": {"uv": [47, 26], "uv_size": [0.25, 0.25]},
								"down": {"uv": [27, 47.25], "uv_size": [0.25, -0.25]}
							}
						},
						{
							"origin": [0.36913, 0.86503, 3.90271],
							"size": [0.35355, 0.75, 0.25],
							"pivot": [0.47469, 1.86503, 2.52771],
							"rotation": [30.36119, -40.78947, -20.94102],
							"uv": {
								"north": {"uv": [44, 18], "uv_size": [0.25, 0.75]},
								"east": {"uv": [19, 44], "uv_size": [0.25, 0.75]},
								"south": {"uv": [44, 19], "uv_size": [0.25, 0.75]},
								"west": {"uv": [20, 44], "uv_size": [0.25, 0.75]},
								"up": {"uv": [47, 27], "uv_size": [0.25, 0.25]},
								"down": {"uv": [28, 47.25], "uv_size": [0.25, -0.25]}
							}
						},
						{
							"origin": [-0.749, 1.5, 2.125],
							"size": [1.498, 0.5, 1],
							"pivot": [-0.251, 1.75, 2.25],
							"rotation": [22.5, 0, 0],
							"uv": {
								"north": {"uv": [38, 7], "uv_size": [1.5, 0.5]},
								"east": {"uv": [40, 25], "uv_size": [1, 0.5]},
								"south": {"uv": [38, 8], "uv_size": [1.5, 0.5]},
								"west": {"uv": [40, 26], "uv_size": [1, 0.5]},
								"up": {"uv": [33, 32], "uv_size": [1.5, 1]},
								"down": {"uv": [34, 3], "uv_size": [1.5, -1]}
							}
						},
						{
							"origin": [-0.748, 1.70776, 2.84177],
							"size": [1.496, 0.5, 0.70711],
							"pivot": [-0.001, 1.95776, 3.17388],
							"rotation": [-22.5, 0, 0],
							"uv": {
								"north": {"uv": [38, 9], "uv_size": [1.5, 0.5]},
								"east": {"uv": [41, 15], "uv_size": [0.75, 0.5]},
								"south": {"uv": [38, 10], "uv_size": [1.5, 0.5]},
								"west": {"uv": [17, 41], "uv_size": [0.75, 0.5]},
								"up": {"uv": [35, 16], "uv_size": [1.5, 0.75]},
								"down": {"uv": [35, 17.75], "uv_size": [1.5, -0.75]}
							}
						},
						{
							"origin": [-0.749, 2.5, 1.375],
							"size": [1.498, 0.5, 0.5],
							"pivot": [-0.251, 1.75, 2.25],
							"rotation": [22.5, 0, 0],
							"uv": {
								"north": {"uv": [4, 38], "uv_size": [1.5, 0.5]},
								"east": {"uv": [43, 27], "uv_size": [0.5, 0.5]},
								"south": {"uv": [38, 5], "uv_size": [1.5, 0.5]},
								"west": {"uv": [28, 43], "uv_size": [0.5, 0.5]},
								"up": {"uv": [6, 38], "uv_size": [1.5, 0.5]},
								"down": {"uv": [38, 6.5], "uv_size": [1.5, -0.5]}
							}
						},
						{
							"origin": [-0.749, 1.77985, 1.70745],
							"size": [1.498, 0.25, 0.25],
							"uv": {
								"north": {"uv": [41, 23], "uv_size": [1.5, 0.25]},
								"east": {"uv": [0, 48], "uv_size": [0.25, 0.25]},
								"south": {"uv": [41, 24], "uv_size": [1.5, 0.25]},
								"west": {"uv": [48, 0], "uv_size": [0.25, 0.25]},
								"up": {"uv": [41, 25], "uv_size": [1.5, 0.25]},
								"down": {"uv": [41, 26.25], "uv_size": [1.5, -0.25]}
							}
						},
						{
							"origin": [-0.749, 3.5, 1.375],
							"size": [1.498, 0.5, 0.75],
							"pivot": [-0.251, 1.75, 2.25],
							"rotation": [22.5, 0, 0],
							"uv": {
								"north": {"uv": [38, 19], "uv_size": [1.5, 0.5]},
								"east": {"uv": [21, 41], "uv_size": [0.75, 0.5]},
								"south": {"uv": [38, 22], "uv_size": [1.5, 0.5]},
								"west": {"uv": [41, 21], "uv_size": [0.75, 0.5]},
								"up": {"uv": [35, 20], "uv_size": [1.5, 0.75]},
								"down": {"uv": [35, 21.75], "uv_size": [1.5, -0.75]}
							}
						},
						{
							"origin": [-0.499, 3.5, 1.125],
							"size": [0.998, 0.5, 0.25],
							"pivot": [-0.251, 1.75, 2.25],
							"rotation": [22.5, 0, 0],
							"uv": {
								"north": {"uv": [40, 27], "uv_size": [1, 0.5]},
								"east": {"uv": [28, 45], "uv_size": [0.25, 0.5]},
								"south": {"uv": [30, 40], "uv_size": [1, 0.5]},
								"west": {"uv": [45, 28], "uv_size": [0.25, 0.5]},
								"up": {"uv": [43, 28], "uv_size": [1, 0.25]},
								"down": {"uv": [29, 43.25], "uv_size": [1, -0.25]}
							}
						},
						{
							"origin": [-0.18038, 3.26663, 0.56159],
							"size": [0.35355, 0.5, 0.25],
							"pivot": [-0.57683, 1.51663, 1.68659],
							"rotation": [30.36119, -40.78947, -20.94102],
							"uv": {
								"north": {"uv": [29, 45], "uv_size": [0.25, 0.5]},
								"east": {"uv": [45, 29], "uv_size": [0.25, 0.5]},
								"south": {"uv": [30, 45], "uv_size": [0.25, 0.5]},
								"west": {"uv": [45, 30], "uv_size": [0.25, 0.5]},
								"up": {"uv": [47, 24], "uv_size": [0.25, 0.25]},
								"down": {"uv": [25, 47.25], "uv_size": [0.25, -0.25]}
							}
						},
						{
							"origin": [-0.17317, 3.26663, 0.56159],
							"size": [0.35355, 0.5, 0.25],
							"pivot": [0.57683, 1.51663, 1.68659],
							"rotation": [30.36119, 40.78947, 20.94102],
							"uv": {
								"north": {"uv": [31, 45], "uv_size": [0.25, 0.5]},
								"east": {"uv": [45, 31], "uv_size": [0.25, 0.5]},
								"south": {"uv": [32, 45], "uv_size": [0.25, 0.5]},
								"west": {"uv": [45, 32], "uv_size": [0.25, 0.5]},
								"up": {"uv": [47, 25], "uv_size": [0.25, 0.25]},
								"down": {"uv": [26, 47.25], "uv_size": [0.25, -0.25]}
							}
						},
						{
							"origin": [-0.17317, 2.26663, 0.56159],
							"size": [0.35355, 0.5, 0.25],
							"pivot": [0.57683, 1.51663, 1.68659],
							"rotation": [30.36119, 40.78947, 20.94102],
							"uv": {
								"north": {"uv": [43, 45], "uv_size": [0.25, 0.5]},
								"east": {"uv": [45, 43], "uv_size": [0.25, 0.5]},
								"south": {"uv": [44, 45], "uv_size": [0.25, 0.5]},
								"west": {"uv": [45, 44], "uv_size": [0.25, 0.5]},
								"up": {"uv": [47, 44], "uv_size": [0.25, 0.25]},
								"down": {"uv": [45, 47.25], "uv_size": [0.25, -0.25]}
							}
						},
						{
							"origin": [-0.499, 2.5, 1.125],
							"size": [0.998, 0.5, 0.25],
							"pivot": [-0.251, 1.75, 2.25],
							"rotation": [22.5, 0, 0],
							"uv": {
								"north": {"uv": [40, 30], "uv_size": [1, 0.5]},
								"east": {"uv": [42, 45], "uv_size": [0.25, 0.5]},
								"south": {"uv": [40, 31], "uv_size": [1, 0.5]},
								"west": {"uv": [45, 42], "uv_size": [0.25, 0.5]},
								"up": {"uv": [38, 43], "uv_size": [1, 0.25]},
								"down": {"uv": [43, 38.25], "uv_size": [1, -0.25]}
							}
						},
						{
							"origin": [-0.18038, 2.26663, 0.56159],
							"size": [0.35355, 0.5, 0.25],
							"pivot": [-0.57683, 1.51663, 1.68659],
							"rotation": [30.36119, -40.78947, -20.94102],
							"uv": {
								"north": {"uv": [40, 45], "uv_size": [0.25, 0.5]},
								"east": {"uv": [45, 40], "uv_size": [0.25, 0.5]},
								"south": {"uv": [41, 45], "uv_size": [0.25, 0.5]},
								"west": {"uv": [45, 41], "uv_size": [0.25, 0.5]},
								"up": {"uv": [47, 43], "uv_size": [0.25, 0.25]},
								"down": {"uv": [44, 47.25], "uv_size": [0.25, -0.25]}
							}
						},
						{
							"origin": [-0.749, 1.5, 1.375],
							"size": [1.498, 0.5, 0.75],
							"pivot": [-0.251, 1.75, 2.25],
							"rotation": [22.5, 0, 0],
							"uv": {
								"north": {"uv": [38, 23], "uv_size": [1.5, 0.5]},
								"east": {"uv": [22, 41], "uv_size": [0.75, 0.5]},
								"south": {"uv": [38, 25], "uv_size": [1.5, 0.5]},
								"west": {"uv": [41, 22], "uv_size": [0.75, 0.5]},
								"up": {"uv": [22, 35], "uv_size": [1.5, 0.75]},
								"down": {"uv": [27, 35.75], "uv_size": [1.5, -0.75]}
							}
						},
						{
							"origin": [-0.18038, 0.76663, 0.56159],
							"size": [0.35355, 1, 0.25],
							"pivot": [-0.57683, 1.51663, 1.68659],
							"rotation": [30.36119, -40.78947, -20.94102],
							"uv": {
								"north": {"uv": [43, 43], "uv_size": [0.25, 1]},
								"east": {"uv": [0, 44], "uv_size": [0.25, 1]},
								"south": {"uv": [44, 0], "uv_size": [0.25, 1]},
								"west": {"uv": [1, 44], "uv_size": [0.25, 1]},
								"up": {"uv": [47, 46], "uv_size": [0.25, 0.25]},
								"down": {"uv": [47, 47.25], "uv_size": [0.25, -0.25]}
							}
						},
						{
							"origin": [-0.499, 1, 1.125],
							"size": [0.998, 1, 0.25],
							"pivot": [-0.251, 1.75, 2.25],
							"rotation": [22.5, 0, 0],
							"uv": {
								"north": {"uv": [7, 35], "uv_size": [1, 1]},
								"east": {"uv": [41, 43], "uv_size": [0.25, 1]},
								"south": {"uv": [0, 36], "uv_size": [1, 1]},
								"west": {"uv": [43, 41], "uv_size": [0.25, 1]},
								"up": {"uv": [42, 43], "uv_size": [1, 0.25]},
								"down": {"uv": [43, 42.25], "uv_size": [1, -0.25]}
							}
						},
						{
							"origin": [-0.17317, 0.76663, 0.56159],
							"size": [0.35355, 1, 0.25],
							"pivot": [0.57683, 1.51663, 1.68659],
							"rotation": [30.36119, 40.78947, 20.94102],
							"uv": {
								"north": {"uv": [39, 43], "uv_size": [0.25, 1]},
								"east": {"uv": [43, 39], "uv_size": [0.25, 1]},
								"south": {"uv": [40, 43], "uv_size": [0.25, 1]},
								"west": {"uv": [43, 40], "uv_size": [0.25, 1]},
								"up": {"uv": [47, 45], "uv_size": [0.25, 0.25]},
								"down": {"uv": [46, 47.25], "uv_size": [0.25, -0.25]}
							}
						},
						{
							"origin": [-0.748, 1.91975, 1.91902],
							"size": [1.496, 2.25, 0.75],
							"pivot": [-0.252, 1.91975, 2.54402],
							"rotation": [37.5, 0, 0],
							"uv": {
								"north": {"uv": [20, 20], "uv_size": [1.5, 2.25]},
								"east": {"uv": [33, 24], "uv_size": [0.75, 2.25]},
								"south": {"uv": [21, 0], "uv_size": [1.5, 2.25]},
								"west": {"uv": [26, 33], "uv_size": [0.75, 2.25]},
								"up": {"uv": [35, 18], "uv_size": [1.5, 0.75]},
								"down": {"uv": [35, 19.75], "uv_size": [1.5, -0.75]}
							}
						},
						{
							"origin": [-0.624, 5, 1.5],
							"size": [1.248, 0.75, 0.5],
							"pivot": [-0.126, 1.75, 2.25],
							"rotation": [22.5, 0, 0],
							"uv": {
								"north": {"uv": [36, 7], "uv_size": [1.25, 0.75]},
								"east": {"uv": [6, 41], "uv_size": [0.5, 0.75]},
								"south": {"uv": [36, 10], "uv_size": [1.25, 0.75]},
								"west": {"uv": [41, 6], "uv_size": [0.5, 0.75]}
							}
						},
						{
							"origin": [-0.624, 5, 2],
							"size": [1.248, 0.5, 0.75],
							"pivot": [-0.126, 1.75, 2.25],
							"rotation": [22.5, 0, 0],
							"uv": {
								"north": {"uv": [38, 36], "uv_size": [1.25, 0.5]},
								"east": {"uv": [7, 41], "uv_size": [0.75, 0.5]},
								"south": {"uv": [39, 0], "uv_size": [1.25, 0.5]},
								"west": {"uv": [41, 7], "uv_size": [0.75, 0.5]}
							}
						}
					]
				},
				{
					"name": "body_illuminated",
					"parent": "default_gun",
					"pivot": [-0.25, 4.67702, -3.13059]
				},
				{
					"name": "muzzle_default",
					"parent": "default_gun",
					"pivot": [0, 6.05202, -11.25559],
					"cubes": [
						{
							"origin": [-0.17083, 5.63952, -11.50559],
							"size": [0.34166, 0.125, 0.5],
							"pivot": [0, 6.05202, -11.25559],
							"rotation": [0, 0, 45],
							"uv": {
								"north": {"uv": [49, 6], "uv_size": [0.25, 0.25]},
								"south": {"uv": [7, 49], "uv_size": [0.25, 0.25]},
								"up": {"uv": [10, 46], "uv_size": [0.25, 0.5]},
								"down": {"uv": [46, 10.5], "uv_size": [0.25, -0.5]}
							}
						},
						{
							"origin": [-0.17083, 5.63952, -11.50559],
							"size": [0.34166, 0.125, 0.5],
							"uv": {
								"north": {"uv": [49, 7], "uv_size": [0.25, 0.25]},
								"south": {"uv": [8, 49], "uv_size": [0.25, 0.25]},
								"up": {"uv": [11, 46], "uv_size": [0.25, 0.5]},
								"down": {"uv": [46, 11.5], "uv_size": [0.25, -0.5]}
							}
						},
						{
							"origin": [-0.17083, 5.63952, -11.50559],
							"size": [0.34166, 0.125, 0.5],
							"pivot": [0, 6.05202, -11.25559],
							"rotation": [0, 0, -45],
							"uv": {
								"north": {"uv": [49, 8], "uv_size": [0.25, 0.25]},
								"south": {"uv": [9, 49], "uv_size": [0.25, 0.25]},
								"up": {"uv": [12, 46], "uv_size": [0.25, 0.5]},
								"down": {"uv": [46, 12.5], "uv_size": [0.25, -0.5]}
							}
						},
						{
							"origin": [-0.17083, 5.63952, -11.50559],
							"size": [0.34166, 0.125, 0.5],
							"pivot": [0, 6.05202, -11.25559],
							"rotation": [0, 0, -90],
							"uv": {
								"north": {"uv": [49, 9], "uv_size": [0.25, 0.25]},
								"south": {"uv": [10, 49], "uv_size": [0.25, 0.25]},
								"up": {"uv": [13, 46], "uv_size": [0.25, 0.5]},
								"down": {"uv": [46, 13.5], "uv_size": [0.25, -0.5]}
							}
						},
						{
							"origin": [-0.17083, 5.63952, -11.50559],
							"size": [0.34166, 0.125, 0.5],
							"pivot": [0, 6.05202, -11.25559],
							"rotation": [0, 0, -135],
							"uv": {
								"north": {"uv": [49, 10], "uv_size": [0.25, 0.25]},
								"south": {"uv": [11, 49], "uv_size": [0.25, 0.25]},
								"up": {"uv": [14, 46], "uv_size": [0.25, 0.5]},
								"down": {"uv": [46, 14.5], "uv_size": [0.25, -0.5]}
							}
						},
						{
							"origin": [-0.17083, 5.63952, -11.50559],
							"size": [0.34166, 0.125, 0.5],
							"pivot": [0, 6.05202, -11.25559],
							"rotation": [0, 0, -180],
							"uv": {
								"north": {"uv": [49, 11], "uv_size": [0.25, 0.25]},
								"south": {"uv": [12, 49], "uv_size": [0.25, 0.25]},
								"up": {"uv": [15, 46], "uv_size": [0.25, 0.5]},
								"down": {"uv": [46, 15.5], "uv_size": [0.25, -0.5]}
							}
						},
						{
							"origin": [-0.17083, 5.63952, -11.50559],
							"size": [0.34166, 0.125, 0.5],
							"pivot": [0, 6.05202, -11.25559],
							"rotation": [0, 0, 135],
							"uv": {
								"north": {"uv": [49, 12], "uv_size": [0.25, 0.25]},
								"south": {"uv": [13, 49], "uv_size": [0.25, 0.25]},
								"up": {"uv": [16, 46], "uv_size": [0.25, 0.5]},
								"down": {"uv": [46, 16.5], "uv_size": [0.25, -0.5]}
							}
						},
						{
							"origin": [-0.17083, 5.63952, -11.50559],
							"size": [0.34166, 0.125, 0.5],
							"pivot": [0, 6.05202, -11.25559],
							"rotation": [0, 0, 90],
							"uv": {
								"north": {"uv": [49, 13], "uv_size": [0.25, 0.25]},
								"south": {"uv": [14, 49], "uv_size": [0.25, 0.25]},
								"up": {"uv": [17, 46], "uv_size": [0.25, 0.5]},
								"down": {"uv": [46, 17.5], "uv_size": [0.25, -0.5]}
							}
						}
					]
				},
				{
					"name": "bullet_in_barrel",
					"parent": "CZ75",
					"pivot": [0.00417, 6.0135, -1.25133],
					"cubes": [
						{
							"origin": [-0.125, 5.875, -1.625],
							"size": [0.25, 0.25, 0.125],
							"pivot": [0, 6, -1.375],
							"rotation": [0, 0, 45],
							"uv": {
								"north": {"uv": [46, 38], "uv_size": [0.25, 0.25]},
								"east": {"uv": [39, 46], "uv_size": [0.25, 0.25]},
								"south": {"uv": [46, 39], "uv_size": [0.25, 0.25]},
								"west": {"uv": [40, 46], "uv_size": [0.25, 0.25]},
								"up": {"uv": [46, 40], "uv_size": [0.25, 0.25]},
								"down": {"uv": [41, 46.25], "uv_size": [0.25, -0.25]}
							}
						},
						{
							"origin": [-0.21875, 5.78125, -1.25],
							"size": [0.42188, 0.4375, 1.0625],
							"pivot": [0, 6, -1],
							"rotation": [0, 0, 45],
							"uv": {
								"north": {"uv": [5, 43], "uv_size": [0.5, 0.5]},
								"east": {"uv": [40, 15], "uv_size": [1, 0.5]},
								"south": {"uv": [6, 43], "uv_size": [0.5, 0.5]},
								"west": {"uv": [16, 40], "uv_size": [1, 0.5]},
								"up": {"uv": [17, 40], "uv_size": [0.5, 1]},
								"down": {"uv": [18, 41], "uv_size": [0.5, -1]}
							}
						},
						{
							"origin": [-0.1875, 5.8125, -1.5],
							"size": [0.375, 0.375, 1.375],
							"pivot": [0, 6, -1.25],
							"rotation": [0, 0, 45],
							"uv": {
								"north": {"uv": [4, 43], "uv_size": [0.5, 0.5]},
								"east": {"uv": [37, 16], "uv_size": [1.5, 0.5]},
								"south": {"uv": [43, 4], "uv_size": [0.5, 0.5]},
								"west": {"uv": [37, 17], "uv_size": [1.5, 0.5]},
								"up": {"uv": [16, 37], "uv_size": [0.5, 1.5]},
								"down": {"uv": [37, 19.5], "uv_size": [0.5, -1.5]}
							}
						},
						{
							"origin": [-0.21875, 5.78125, -0.125],
							"size": [0.42188, 0.4375, 0.125],
							"pivot": [0, 6, -1],
							"rotation": [0, 0, 45],
							"uv": {
								"north": {"uv": [3, 43], "uv_size": [0.5, 0.5]},
								"east": {"uv": [45, 7], "uv_size": [0.25, 0.5]},
								"south": {"uv": [43, 3], "uv_size": [0.5, 0.5]},
								"west": {"uv": [8, 45], "uv_size": [0.25, 0.5]},
								"up": {"uv": [45, 8], "uv_size": [0.5, 0.25]},
								"down": {"uv": [9, 45.25], "uv_size": [0.5, -0.25]}
							}
						}
					]
				},
				{
					"name": "slide",
					"parent": "CZ75",
					"pivot": [0.125, 14.555, -8]
				},
				{
					"name": "scope_pos",
					"parent": "slide",
					"pivot": [0, 6.8875, 2.4125]
				},
				{
					"name": "slide_main",
					"parent": "slide",
					"pivot": [8, 6.67569, -0.8675],
					"cubes": [
						{
							"origin": [0.45895, 5.87524, 1.24441],
							"size": [0.17678, 0.17678, 2.25],
							"pivot": [0.51072, 5.92702, 2.49441],
							"rotation": [0, 0, 45],
							"uv": {
								"east": {"uv": [39, 11], "uv_size": [2.25, 0.25]},
								"south": {"uv": [24, 46], "uv_size": [0.25, 0.25]},
								"west": {"uv": [39, 12], "uv_size": [2.25, 0.25]},
								"down": {"uv": [10, 41.25], "uv_size": [0.25, -2.25]}
							}
						},
						{
							"origin": [-0.63572, 5.87524, 1.24441],
							"size": [0.17678, 0.17678, 2.25],
							"pivot": [-0.51072, 5.92702, 2.49441],
							"rotation": [0, 0, -45],
							"uv": {
								"east": {"uv": [39, 16], "uv_size": [2.25, 0.25]},
								"south": {"uv": [16, 47], "uv_size": [0.25, 0.25]},
								"west": {"uv": [39, 17], "uv_size": [2.25, 0.25]},
								"down": {"uv": [26, 41.25], "uv_size": [0.25, -2.25]}
							}
						},
						{
							"origin": [0.4375, 5.92702, -2.13059],
							"size": [0.25, 0.75, 5.625],
							"uv": {
								"east": {"uv": [19, 15], "uv_size": [5.75, 0.75]},
								"south": {"uv": [15, 44], "uv_size": [0.25, 0.75]},
								"west": {"uv": [19, 16], "uv_size": [5.75, 0.75]},
								"down": {"uv": [33, 39.75], "uv_size": [0.25, -5.75]}
							}
						},
						{
							"origin": [0.4375, 5.42702, 0.36941],
							"size": [0.125, 0.5, 2.875],
							"uv": {
								"east": {"uv": [33, 29], "uv_size": [3, 0.5]},
								"south": {"uv": [27, 45], "uv_size": [0.25, 0.5]},
								"west": {"uv": [33, 30], "uv_size": [3, 0.5]},
								"down": {"uv": [37, 37], "uv_size": [0.25, -3]}
							}
						},
						{
							"origin": [-0.5625, 5.42702, 0.36941],
							"size": [0.125, 0.5, 2.875],
							"uv": {
								"east": {"uv": [33, 31], "uv_size": [3, 0.5]},
								"south": {"uv": [45, 27], "uv_size": [0.25, 0.5]},
								"west": {"uv": [32, 33], "uv_size": [3, 0.5]},
								"down": {"uv": [35, 40], "uv_size": [0.25, -3]}
							}
						},
						{
							"origin": [-0.5625, 5.67702, 3.24441],
							"size": [0.125, 0.25, 0.25],
							"uv": {
								"east": {"uv": [47, 35], "uv_size": [0.25, 0.25]},
								"south": {"uv": [36, 47], "uv_size": [0.25, 0.25]},
								"west": {"uv": [47, 36], "uv_size": [0.25, 0.25]},
								"down": {"uv": [37, 47.25], "uv_size": [0.25, -0.25]}
							}
						},
						{
							"origin": [0.4375, 5.67702, 3.24441],
							"size": [0.125, 0.25, 0.25],
							"uv": {
								"east": {"uv": [47, 33], "uv_size": [0.25, 0.25]},
								"south": {"uv": [34, 47], "uv_size": [0.25, 0.25]},
								"west": {"uv": [47, 34], "uv_size": [0.25, 0.25]},
								"down": {"uv": [35, 47.25], "uv_size": [0.25, -0.25]}
							}
						},
						{
							"origin": [-0.5615, 5.55202, 3.08908],
							"size": [0.125, 0.25, 0.35355],
							"pivot": [0, 5.67702, 3.31764],
							"rotation": [45, 0, 0],
							"uv": {
								"east": {"uv": [47, 39], "uv_size": [0.25, 0.25]},
								"south": {"uv": [40, 47], "uv_size": [0.25, 0.25]},
								"west": {"uv": [47, 40], "uv_size": [0.25, 0.25]},
								"down": {"uv": [41, 47.25], "uv_size": [0.25, -0.25]}
							}
						},
						{
							"origin": [0.4365, 5.55202, 3.08908],
							"size": [0.125, 0.25, 0.35355],
							"pivot": [0, 5.67702, 3.31764],
							"rotation": [45, 0, 0],
							"uv": {
								"east": {"uv": [47, 37], "uv_size": [0.25, 0.25]},
								"south": {"uv": [38, 47], "uv_size": [0.25, 0.25]},
								"west": {"uv": [47, 38], "uv_size": [0.25, 0.25]},
								"down": {"uv": [39, 47.25], "uv_size": [0.25, -0.25]}
							}
						},
						{
							"origin": [0.4375, 5.42702, -2.13059],
							"size": [0.25, 0.5, 2.25],
							"uv": {
								"east": {"uv": [35, 8], "uv_size": [2.25, 0.5]},
								"south": {"uv": [45, 26], "uv_size": [0.25, 0.5]},
								"west": {"uv": [35, 9], "uv_size": [2.25, 0.5]},
								"down": {"uv": [24, 41.25], "uv_size": [0.25, -2.25]}
							}
						},
						{
							"origin": [-0.375, 4.676, -10.88059],
							"size": [0.75, 0.75, 1],
							"uv": {
								"north": {"uv": [39, 14], "uv_size": [0.75, 0.75]},
								"east": {"uv": [26, 37], "uv_size": [1, 0.75]},
								"south": {"uv": [16, 39], "uv_size": [0.75, 0.75]},
								"west": {"uv": [27, 37], "uv_size": [1, 0.75]},
								"up": {"uv": [37, 27], "uv_size": [0.75, 1]},
								"down": {"uv": [37, 29], "uv_size": [0.75, -1]}
							}
						},
						{
							"origin": [-0.62056, 5.08863, -10.88059],
							"size": [0.4375, 0.25, 1],
							"pivot": [-0.24556, 5.33863, -10.88059],
							"rotation": [0, 0, 45],
							"uv": {
								"north": {"uv": [45, 13], "uv_size": [0.5, 0.25]},
								"east": {"uv": [43, 17], "uv_size": [1, 0.25]},
								"south": {"uv": [14, 45], "uv_size": [0.5, 0.25]},
								"west": {"uv": [43, 18], "uv_size": [1, 0.25]},
								"up": {"uv": [21, 40], "uv_size": [0.5, 1]},
								"down": {"uv": [40, 22], "uv_size": [0.5, -1]}
							}
						},
						{
							"origin": [0.18306, 5.08863, -10.88059],
							"size": [0.4375, 0.25, 1],
							"pivot": [0.24556, 5.33863, -10.88059],
							"rotation": [0, 0, -45],
							"uv": {
								"north": {"uv": [45, 14], "uv_size": [0.5, 0.25]},
								"east": {"uv": [43, 19], "uv_size": [1, 0.25]},
								"south": {"uv": [15, 45], "uv_size": [0.5, 0.25]},
								"west": {"uv": [43, 20], "uv_size": [1, 0.25]},
								"up": {"uv": [22, 40], "uv_size": [0.5, 1]},
								"down": {"uv": [40, 23], "uv_size": [0.5, -1]}
							}
						},
						{
							"origin": [0.44378, 5.08863, -9.88059],
							"size": [0.17678, 0.17678, 10],
							"pivot": [0.24556, 5.33863, -3.88059],
							"rotation": [0, 0, -45],
							"uv": {
								"north": {"uv": [5, 47], "uv_size": [0.25, 0.25]},
								"east": {"uv": [24, 8], "uv_size": [10, 0.25]},
								"south": {"uv": [47, 5], "uv_size": [0.25, 0.25]},
								"west": {"uv": [24, 9], "uv_size": [10, 0.25]},
								"down": {"uv": [25, 34], "uv_size": [0.25, -10]}
							}
						},
						{
							"origin": [-0.62056, 5.08863, -9.88059],
							"size": [0.17678, 0.17678, 10],
							"pivot": [-0.24556, 5.33863, -3.88059],
							"rotation": [0, 0, 45],
							"uv": {
								"north": {"uv": [6, 47], "uv_size": [0.25, 0.25]},
								"east": {"uv": [25, 0], "uv_size": [10, 0.25]},
								"south": {"uv": [47, 6], "uv_size": [0.25, 0.25]},
								"west": {"uv": [25, 1], "uv_size": [10, 0.25]},
								"down": {"uv": [0, 36], "uv_size": [0.25, -10]}
							}
						},
						{
							"origin": [-0.25, 4.55202, -10.88059],
							"size": [0.5, 0.125, 1],
							"uv": {
								"north": {"uv": [45, 12], "uv_size": [0.5, 0.25]},
								"east": {"uv": [43, 9], "uv_size": [1, 0.25]},
								"south": {"uv": [13, 45], "uv_size": [0.5, 0.25]},
								"west": {"uv": [43, 10], "uv_size": [1, 0.25]},
								"down": {"uv": [40, 21], "uv_size": [0.5, -1]}
							}
						},
						{
							"origin": [-0.73744, 3.9359, -10.88059],
							"size": [0.17678, 0.125, 1],
							"pivot": [-0.98744, 5.4359, -3.63059],
							"rotation": [0, 0, -45],
							"uv": {
								"north": {"uv": [46, 44], "uv_size": [0.25, 0.25]},
								"east": {"uv": [13, 43], "uv_size": [1, 0.25]},
								"south": {"uv": [45, 46], "uv_size": [0.25, 0.25]},
								"west": {"uv": [43, 13], "uv_size": [1, 0.25]},
								"down": {"uv": [43, 15], "uv_size": [0.25, -1]}
							}
						},
						{
							"origin": [0.56066, 3.9359, -10.88059],
							"size": [0.17678, 0.125, 1],
							"pivot": [0.98744, 5.4359, -3.63059],
							"rotation": [0, 0, 45],
							"uv": {
								"north": {"uv": [46, 45], "uv_size": [0.25, 0.25]},
								"east": {"uv": [43, 15], "uv_size": [1, 0.25]},
								"south": {"uv": [46, 46], "uv_size": [0.25, 0.25]},
								"west": {"uv": [16, 43], "uv_size": [1, 0.25]},
								"down": {"uv": [43, 17], "uv_size": [0.25, -1]}
							}
						},
						{
							"origin": [-0.6875, 5.42702, -10.38059],
							"size": [1.375, 1.25, 8.25],
							"uv": {
								"north": {"uv": [30, 30], "uv_size": [1.5, 1.25]},
								"east": {"uv": [11, 6], "uv_size": [8.25, 1.25]},
								"south": {"uv": [31, 22], "uv_size": [1.5, 1.25]},
								"west": {"uv": [11, 8], "uv_size": [8.25, 1.25]},
								"down": {"uv": [4, 17.25], "uv_size": [1.5, -8.25]}
							}
						},
						{
							"origin": [0.6895, 5.77077, -10.13059],
							"size": [0, 0.5625, 3],
							"uv": {
								"west": {"uv": [0, 52], "uv_size": [64, 12]}
							}
						},
						{
							"origin": [-0.6895, 5.77077, -10.13059],
							"size": [0, 0.5625, 3],
							"uv": {
								"east": {"uv": [0, 52], "uv_size": [64, 12]}
							}
						},
						{
							"origin": [-0.625, 5.42702, -10.75559],
							"size": [1.25, 1.1875, 8],
							"uv": {
								"north": {"uv": [27, 33], "uv_size": [1.25, 1.25]},
								"east": {"uv": [12, 0], "uv_size": [8, 1.25]},
								"south": {"uv": [33, 27], "uv_size": [1.25, 1.25]},
								"west": {"uv": [12, 2], "uv_size": [8, 1.25]},
								"down": {"uv": [13, 18], "uv_size": [1.25, -8]}
							}
						},
						{
							"origin": [0.71783, 6.35379, -10.3816],
							"size": [0.35355, 0.25, 8.25],
							"pivot": [0.96783, 7.10379, 1.49441],
							"rotation": [0, 0, 45],
							"uv": {
								"north": {"uv": [22, 46], "uv_size": [0.25, 0.25]},
								"east": {"uv": [28, 6], "uv_size": [8.25, 0.25]},
								"south": {"uv": [46, 22], "uv_size": [0.25, 0.25]},
								"up": {"uv": [16, 28], "uv_size": [0.25, 8.25]},
								"down": {"uv": [28, 30.25], "uv_size": [0.25, -8.25]}
							}
						},
						{
							"origin": [0.71783, 6.35379, -2.1316],
							"size": [0.35355, 0.25, 5.625],
							"pivot": [0.96783, 7.10379, 1.49441],
							"rotation": [0, 0, 45],
							"uv": {
								"north": {"uv": [30, 48], "uv_size": [0.25, 0.25]},
								"east": {"uv": [34, 24], "uv_size": [5.75, 0.25]},
								"south": {"uv": [48, 30], "uv_size": [0.25, 0.25]},
								"up": {"uv": [34, 34], "uv_size": [0.25, 5.75]},
								"down": {"uv": [1, 40.75], "uv_size": [0.25, -5.75]}
							}
						},
						{
							"origin": [-0.4375, 6.67702, -10.38059],
							"size": [0.875, 0.25, 8.25],
							"uv": {
								"north": {"uv": [38, 42], "uv_size": [1, 0.25]},
								"south": {"uv": [39, 42], "uv_size": [1, 0.25]},
								"up": {"uv": [10, 17], "uv_size": [1, 8.25]}
							}
						},
						{
							"origin": [0.1875, 6.67702, -2.13059],
							"size": [0.25, 0.25, 1.75],
							"uv": {
								"north": {"uv": [46, 25], "uv_size": [0.25, 0.25]},
								"east": {"uv": [34, 40], "uv_size": [1.75, 0.25]},
								"south": {"uv": [26, 46], "uv_size": [0.25, 0.25]},
								"up": {"uv": [40, 34], "uv_size": [0.25, 1.75]},
								"down": {"uv": [36, 41.75], "uv_size": [0.25, -1.75]}
							}
						},
						{
							"origin": [-0.4375, 6.67702, -0.38059],
							"size": [0.875, 0.25, 3.875],
							"uv": {
								"north": {"uv": [42, 39], "uv_size": [1, 0.25]},
								"south": {"uv": [40, 42], "uv_size": [1, 0.25]},
								"up": {"uv": [19, 17], "uv_size": [1, 4]},
								"down": {"uv": [20, 4], "uv_size": [1, -4]}
							}
						},
						{
							"origin": [-0.25, 6.92702, 2.74441],
							"size": [0.5, 0.125, 0.5],
							"uv": {
								"north": {"uv": [0, 46], "uv_size": [0.5, 0.25]},
								"east": {"uv": [46, 0], "uv_size": [0.5, 0.25]},
								"south": {"uv": [1, 46], "uv_size": [0.5, 0.25]},
								"west": {"uv": [46, 1], "uv_size": [0.5, 0.25]},
								"up": {"uv": [44, 2], "uv_size": [0.5, 0.5]},
								"down": {"uv": [3, 44.5], "uv_size": [0.5, -0.5]}
							}
						},
						{
							"origin": [-0.09375, 6.92702, -10.81809],
							"size": [0.1875, 0.25, 0.25],
							"uv": {
								"north": {"uv": [21, 48], "uv_size": [0.25, 0.25]},
								"east": {"uv": [48, 21], "uv_size": [0.25, 0.25]},
								"south": {"uv": [22, 48], "uv_size": [0.25, 0.25]},
								"west": {"uv": [48, 22], "uv_size": [0.25, 0.25]},
								"up": {"uv": [23, 48], "uv_size": [0.25, 0.25]},
								"down": {"uv": [48, 23.25], "uv_size": [0.25, -0.25]}
							}
						},
						{
							"origin": [-0.09375, 6.8262, -10.76074],
							"size": [0.1875, 0.3125, 0.25],
							"pivot": [0, 7.0137, -10.63574],
							"rotation": [22.5, 0, 0],
							"uv": {
								"north": {"uv": [24, 48], "uv_size": [0.25, 0.25]},
								"east": {"uv": [48, 24], "uv_size": [0.25, 0.25]},
								"south": {"uv": [25, 48], "uv_size": [0.25, 0.25]},
								"west": {"uv": [48, 25], "uv_size": [0.25, 0.25]},
								"up": {"uv": [26, 48], "uv_size": [0.25, 0.25]},
								"down": {"uv": [48, 26.25], "uv_size": [0.25, -0.25]}
							}
						},
						{
							"origin": [0.09375, 7.01753, 2.74953],
							"size": [0.15625, 0.12941, 0.48296],
							"pivot": [0, 7.08003, 3.10749],
							"rotation": [15, 0, 0],
							"uv": {
								"north": {"uv": [13, 48], "uv_size": [0.25, 0.25]},
								"east": {"uv": [2, 46], "uv_size": [0.5, 0.25]},
								"south": {"uv": [48, 13], "uv_size": [0.25, 0.25]},
								"west": {"uv": [46, 2], "uv_size": [0.5, 0.25]},
								"up": {"uv": [3, 46], "uv_size": [0.25, 0.5]},
								"down": {"uv": [46, 3.5], "uv_size": [0.25, -0.5]}
							}
						},
						{
							"origin": [-0.25, 7.01753, 2.74953],
							"size": [0.15625, 0.12941, 0.48296],
							"pivot": [0, 7.08003, 3.10749],
							"rotation": [15, 0, 0],
							"uv": {
								"north": {"uv": [14, 48], "uv_size": [0.25, 0.25]},
								"east": {"uv": [4, 46], "uv_size": [0.5, 0.25]},
								"south": {"uv": [48, 14], "uv_size": [0.25, 0.25]},
								"west": {"uv": [46, 4], "uv_size": [0.5, 0.25]},
								"up": {"uv": [5, 46], "uv_size": [0.25, 0.5]},
								"down": {"uv": [46, 5.5], "uv_size": [0.25, -0.5]}
							}
						},
						{
							"origin": [-1.07138, 6.35379, -0.38059],
							"size": [0.35355, 0.25, 3.875],
							"pivot": [-0.96783, 7.10379, 6.74441],
							"rotation": [0, 0, -45],
							"uv": {
								"north": {"uv": [46, 24], "uv_size": [0.25, 0.25]},
								"south": {"uv": [25, 46], "uv_size": [0.25, 0.25]},
								"up": {"uv": [14, 35], "uv_size": [0.25, 4]},
								"down": {"uv": [31, 39], "uv_size": [0.25, -4]}
							}
						},
						{
							"origin": [-0.6875, 5.92702, -0.38059],
							"size": [0.25, 0.75, 3.875],
							"uv": {
								"north": {"uv": [44, 7], "uv_size": [0.25, 0.75]},
								"east": {"uv": [20, 8], "uv_size": [4, 0.75]},
								"south": {"uv": [8, 44], "uv_size": [0.25, 0.75]},
								"west": {"uv": [20, 9], "uv_size": [4, 0.75]},
								"down": {"uv": [10, 39], "uv_size": [0.25, -4]}
							}
						},
						{
							"origin": [-0.6875, 5.42702, -0.38059],
							"size": [0.25, 0.5, 0.5],
							"uv": {
								"north": {"uv": [25, 45], "uv_size": [0.25, 0.5]},
								"east": {"uv": [43, 26], "uv_size": [0.5, 0.5]},
								"south": {"uv": [45, 25], "uv_size": [0.25, 0.5]},
								"west": {"uv": [27, 43], "uv_size": [0.5, 0.5]},
								"down": {"uv": [26, 45.5], "uv_size": [0.25, -0.5]}
							}
						},
						{
							"origin": [-0.6865, 5.59933, -0.01432],
							"size": [0.25, 0.75, 1.4375],
							"pivot": [-0.5625, 5.84933, 0.48568],
							"rotation": [22.5, 0, 0],
							"uv": {
								"north": {"uv": [13, 44], "uv_size": [0.25, 0.75]},
								"east": {"uv": [35, 1], "uv_size": [1.5, 0.75]},
								"south": {"uv": [44, 13], "uv_size": [0.25, 0.75]},
								"west": {"uv": [5, 35], "uv_size": [1.5, 0.75]},
								"down": {"uv": [41, 5.5], "uv_size": [0.25, -1.5]}
							}
						},
						{
							"origin": [0.4365, 5.59933, -0.01432],
							"size": [0.25, 0.75, 1.375],
							"pivot": [0.5625, 5.84933, 0.48568],
							"rotation": [22.5, 0, 0],
							"uv": {
								"north": {"uv": [14, 44], "uv_size": [0.25, 0.75]},
								"east": {"uv": [12, 35], "uv_size": [1.5, 0.75]},
								"south": {"uv": [44, 14], "uv_size": [0.25, 0.75]},
								"west": {"uv": [35, 13], "uv_size": [1.5, 0.75]},
								"down": {"uv": [41, 9.5], "uv_size": [0.25, -1.5]}
							}
						},
						{
							"origin": [0.51463, 5.69011, 0.06708],
							"size": [0.17188, 0.125, 1.375],
							"pivot": [0.6865, 5.69011, 0.75458],
							"rotation": [16.32495, 15.69986, -42.73421],
							"uv": {
								"north": {"uv": [47, 16], "uv_size": [0.25, 0.25]},
								"east": {"uv": [41, 10], "uv_size": [1.5, 0.25]},
								"south": {"uv": [17, 47], "uv_size": [0.25, 0.25]},
								"west": {"uv": [11, 41], "uv_size": [1.5, 0.25]},
								"down": {"uv": [13, 42.5], "uv_size": [0.25, -1.5]}
							}
						},
						{
							"origin": [0.47648, 5.40535, 0.1025],
							"size": [0.16582, 0.125, 0.04521],
							"pivot": [0.64231, 5.46785, 0.1025],
							"rotation": [15.70248, 1.03484, -46.97488],
							"uv": {
								"north": {"uv": [47, 17], "uv_size": [0.25, 0.25]},
								"east": {"uv": [18, 47], "uv_size": [0.25, 0.25]},
								"south": {"uv": [47, 18], "uv_size": [0.25, 0.25]},
								"west": {"uv": [19, 47], "uv_size": [0.25, 0.25]},
								"down": {"uv": [47, 19.25], "uv_size": [0.25, -0.25]}
							}
						},
						{
							"origin": [-0.6865, 5.69011, 0.06708],
							"size": [0.17188, 0.125, 1.375],
							"pivot": [-0.6865, 5.69011, 0.75458],
							"rotation": [16.32495, -15.69986, 42.73421],
							"uv": {
								"north": {"uv": [47, 22], "uv_size": [0.25, 0.25]},
								"east": {"uv": [41, 13], "uv_size": [1.5, 0.25]},
								"south": {"uv": [23, 47], "uv_size": [0.25, 0.25]},
								"west": {"uv": [41, 14], "uv_size": [1.5, 0.25]},
								"down": {"uv": [16, 42.5], "uv_size": [0.25, -1.5]}
							}
						},
						{
							"origin": [-0.64231, 5.40535, 0.1025],
							"size": [0.16582, 0.125, 0.04521],
							"pivot": [-0.64231, 5.46785, 0.1025],
							"rotation": [15.70248, -1.03484, 46.97488],
							"uv": {
								"north": {"uv": [20, 47], "uv_size": [0.25, 0.25]},
								"east": {"uv": [47, 20], "uv_size": [0.25, 0.25]},
								"south": {"uv": [21, 47], "uv_size": [0.25, 0.25]},
								"west": {"uv": [47, 21], "uv_size": [0.25, 0.25]},
								"down": {"uv": [22, 47.25], "uv_size": [0.25, -0.25]}
							}
						},
						{
							"origin": [-1.07138, 6.35379, -10.3816],
							"size": [0.35355, 0.25, 8.25],
							"pivot": [-0.96783, 7.10379, 1.36941],
							"rotation": [0, 0, -45],
							"uv": {
								"north": {"uv": [23, 46], "uv_size": [0.25, 0.25]},
								"south": {"uv": [46, 23], "uv_size": [0.25, 0.25]},
								"up": {"uv": [24, 28], "uv_size": [0.25, 8.25]}
							}
						},
						{
							"origin": [-0.6875, 5.42702, -10.88059],
							"size": [0.25, 1.25, 0.5],
							"uv": {
								"north": {"uv": [42, 6], "uv_size": [0.25, 1.25]},
								"east": {"uv": [36, 38], "uv_size": [0.5, 1.25]},
								"south": {"uv": [42, 8], "uv_size": [0.25, 1.25]},
								"west": {"uv": [37, 38], "uv_size": [0.5, 1.25]},
								"down": {"uv": [45, 20.5], "uv_size": [0.25, -0.5]}
							}
						},
						{
							"origin": [0.4375, 5.42702, -10.88059],
							"size": [0.25, 1.25, 0.5],
							"uv": {
								"north": {"uv": [22, 42], "uv_size": [0.25, 1.25]},
								"east": {"uv": [6, 39], "uv_size": [0.5, 1.25]},
								"south": {"uv": [24, 42], "uv_size": [0.25, 1.25]},
								"west": {"uv": [7, 39], "uv_size": [0.5, 1.25]},
								"down": {"uv": [45, 45.5], "uv_size": [0.25, -0.5]}
							}
						},
						{
							"origin": [-1.07138, 6.35379, -10.8816],
							"size": [0.35355, 0.25, 0.5],
							"pivot": [-0.96783, 7.10379, -6.38059],
							"rotation": [0, 0, -45],
							"uv": {
								"north": {"uv": [10, 47], "uv_size": [0.25, 0.25]},
								"east": {"uv": [45, 18], "uv_size": [0.5, 0.25]},
								"south": {"uv": [47, 10], "uv_size": [0.25, 0.25]},
								"west": {"uv": [19, 45], "uv_size": [0.5, 0.25]},
								"up": {"uv": [45, 19], "uv_size": [0.25, 0.5]},
								"down": {"uv": [20, 45.5], "uv_size": [0.25, -0.5]}
							}
						},
						{
							"origin": [-0.4375, 6.67702, -10.88059],
							"size": [0.875, 0.25, 0.5],
							"uv": {
								"north": {"uv": [43, 21], "uv_size": [1, 0.25]},
								"south": {"uv": [43, 22], "uv_size": [1, 0.25]},
								"up": {"uv": [23, 40], "uv_size": [1, 0.5]},
								"down": {"uv": [40, 23.5], "uv_size": [1, -0.5]}
							}
						},
						{
							"origin": [0.71783, 6.35379, -10.8816],
							"size": [0.35355, 0.25, 0.5],
							"pivot": [0.96783, 7.10379, -6.38059],
							"rotation": [0, 0, 45],
							"uv": {
								"north": {"uv": [9, 47], "uv_size": [0.25, 0.25]},
								"east": {"uv": [45, 16], "uv_size": [0.5, 0.25]},
								"south": {"uv": [47, 9], "uv_size": [0.25, 0.25]},
								"west": {"uv": [17, 45], "uv_size": [0.5, 0.25]},
								"up": {"uv": [45, 17], "uv_size": [0.25, 0.5]},
								"down": {"uv": [18, 45.5], "uv_size": [0.25, -0.5]}
							}
						},
						{
							"origin": [-1.00888, 6.29129, -10.7566],
							"size": [0.35355, 0.25, 8],
							"pivot": [-0.90533, 7.04129, -0.25559],
							"rotation": [0, 0, -45],
							"uv": {
								"north": {"uv": [8, 47], "uv_size": [0.25, 0.25]},
								"south": {"uv": [47, 8], "uv_size": [0.25, 0.25]},
								"up": {"uv": [29, 30], "uv_size": [0.25, 8]}
							}
						},
						{
							"origin": [-0.375, 6.61452, -10.75559],
							"size": [0.75, 0.25, 8],
							"uv": {
								"north": {"uv": [11, 44], "uv_size": [0.75, 0.25]},
								"south": {"uv": [44, 11], "uv_size": [0.75, 0.25]},
								"up": {"uv": [12, 18], "uv_size": [0.75, 8]}
							}
						},
						{
							"origin": [0.65533, 6.29129, -10.7566],
							"size": [0.35355, 0.25, 8],
							"pivot": [0.90533, 7.04129, -0.25559],
							"rotation": [0, 0, 45],
							"uv": {
								"north": {"uv": [7, 47], "uv_size": [0.25, 0.25]},
								"east": {"uv": [28, 7], "uv_size": [8, 0.25]},
								"south": {"uv": [47, 7], "uv_size": [0.25, 0.25]},
								"up": {"uv": [29, 22], "uv_size": [0.25, 8]},
								"down": {"uv": [30, 30], "uv_size": [0.25, -8]}
							}
						},
						{
							"origin": [-0.6875, 5.42702, -2.13059],
							"size": [0.25, 0.5, 1.75],
							"uv": {
								"east": {"uv": [35, 36], "uv_size": [1.75, 0.5]},
								"west": {"uv": [37, 0], "uv_size": [1.75, 0.5]},
								"up": {"uv": [40, 36], "uv_size": [0.25, 1.75]},
								"down": {"uv": [37, 41.75], "uv_size": [0.25, -1.75]}
							}
						}
					]
				},
				{
					"name": "sight_illuminated",
					"parent": "slide_main",
					"pivot": [0.03125, 7.05202, 3.01004],
					"cubes": [
						{
							"origin": [-0.0625, 6.91139, -10.56809],
							"size": [0.125, 0.25, 0.0625],
							"uv": {
								"north": {"uv": [27, 48], "uv_size": [0.25, 0.25]},
								"east": {"uv": [48, 27], "uv_size": [0.25, 0.25]},
								"south": {"uv": [28, 48], "uv_size": [0.25, 0.25]},
								"west": {"uv": [48, 28], "uv_size": [0.25, 0.25]},
								"up": {"uv": [29, 48], "uv_size": [0.25, 0.25]},
								"down": {"uv": [48, 29.25], "uv_size": [0.25, -0.25]}
							}
						},
						{
							"origin": [0.125, 6.98952, 3.19754],
							"size": [0.09375, 0.125, 0.0625],
							"pivot": [-0.03125, 7.05202, 3.01004],
							"rotation": [7.5, 0, 0],
							"uv": {
								"north": {"uv": [15, 48], "uv_size": [0.25, 0.25]},
								"east": {"uv": [48, 15], "uv_size": [0.25, 0.25]},
								"south": {"uv": [16, 48], "uv_size": [0.25, 0.25]},
								"west": {"uv": [48, 16], "uv_size": [0.25, 0.25]},
								"up": {"uv": [17, 48], "uv_size": [0.25, 0.25]},
								"down": {"uv": [48, 17.25], "uv_size": [0.25, -0.25]}
							}
						},
						{
							"origin": [-0.21875, 6.98952, 3.19754],
							"size": [0.09375, 0.125, 0.0625],
							"pivot": [0.03125, 7.05202, 3.01004],
							"rotation": [7.5, 0, 0],
							"uv": {
								"north": {"uv": [18, 48], "uv_size": [0.25, 0.25]},
								"east": {"uv": [48, 18], "uv_size": [0.25, 0.25]},
								"south": {"uv": [19, 48], "uv_size": [0.25, 0.25]},
								"west": {"uv": [48, 19], "uv_size": [0.25, 0.25]},
								"up": {"uv": [20, 48], "uv_size": [0.25, 0.25]},
								"down": {"uv": [48, 20.25], "uv_size": [0.25, -0.25]}
							}
						}
					]
				},
				{
					"name": "positioning2",
					"parent": "CZ75",
					"pivot": [0, 0, 0]
				},
				{
					"name": "shell",
					"parent": "positioning2",
					"pivot": [-0.1, 6.275, -1.3]
				},
				{
					"name": "muzzle_flash",
					"parent": "positioning2",
					"pivot": [0, 6.052, -12.25]
				},
				{
					"name": "muzzle_pos",
					"parent": "positioning2",
					"pivot": [0, 6.052, -11]
				},
				{
					"name": "additional_magazine",
					"parent": "CZ75",
					"pivot": [0.125, 1.6, 2.725]
				},
				{
					"name": "camera",
					"pivot": [1.125, 8.75, 11.5]
				},
				{
					"name": "positioning",
					"pivot": [0, 0, 0]
				},
				{
					"name": "thirdperson_hand",
					"parent": "positioning",
					"pivot": [0, 4.75, 0]
				},
				{
					"name": "fixed",
					"parent": "positioning",
					"pivot": [0.6, 4.575, -0.625],
					"rotation": [0, 90, 0]
				},
				{
					"name": "gournd",
					"parent": "positioning",
					"pivot": [0, -2, -1.175]
				},
				{
					"name": "view",
					"pivot": [0, 0, 0]
				},
				{
					"name": "iron_view",
					"parent": "view",
					"pivot": [0, 7.1312, 12.76875]
				},
				{
					"name": "idle_view",
					"parent": "view",
					"pivot": [1.125, 8.75, 11.5]
				},
				{
					"name": "refit_scope_view",
					"parent": "view",
					"pivot": [5.675, 8.275, 4.7],
					"rotation": [0, 45, 0]
				},
				{
					"name": "refit_muzzle_view",
					"parent": "view",
					"pivot": [9.05, 6.4, -11.975],
					"rotation": [0, 90, 0]
				},
				{
					"name": "refit_extended_mag_view",
					"parent": "view",
					"pivot": [9.725, 0.375, 2.85],
					"rotation": [0, 90, 0]
				},
				{
					"name": "refit_view",
					"parent": "view",
					"pivot": [13.6, 4.525, -3.9],
					"rotation": [0, 90, 0]
				}
			]
		}
	]
}